Time,Total Electric Power (kW),Total Reactive Power (kVAR),Total Gas Power (therms/hour),Total Electric Energy (kWh),Total Reactive Energy (kVARh),Total Gas Energy (therms),HVAC Heating Electric Power (kW),Other Electric Power (kW),Lighting Electric Power (kW),HVAC Cooling Electric Power (kW),HVAC Heating Gas Power (therms/hour),Other Gas Power (therms/hour),Water Heating Gas Power (therms/hour),Grid Voltage (-),HVAC Heating Reactive Power (kVAR),Other Reactive Power (kVAR),Lighting Reactive Power (kVAR),HVAC Cooling Reactive Power (kVAR),Clothes Washer Electric Power (kW),Clothes Washer Reactive Power (kVAR),Clothes Dryer Electric Power (kW),Clothes Dryer Reactive Power (kVAR),Clothes Dryer Gas Power (therms/hour),Dishwasher Electric Power (kW),Dishwasher Reactive Power (kVAR),Refrigerator Electric Power (kW),Refrigerator Reactive Power (kVAR),Cooking Range Electric Power (kW),Cooking Range Reactive Power (kVAR),Cooking Range Gas Power (therms/hour),Exterior Lighting Electric Power (kW),Exterior Lighting Reactive Power (kVAR),Indoor Lighting Electric Power (kW),Indoor Lighting Reactive Power (kVAR),Basement Lighting Electric Power (kW),Basement Lighting Reactive Power (kVAR),MELs Electric Power (kW),MELs Reactive Power (kVAR),Water Heating Delivered (kW),Water Heating COP (-),Water Heating Total Sensible Heat Gain (kW),Water Heating Deadband Upper Limit (C),Water Heating Deadband Lower Limit (C),Hot Water Delivered (L/min),Hot Water Outlet Temperature (C),Hot Water Delivered (kW),Hot Water Unmet Demand (kW),Hot Water Heat Injected (kW),Hot Water Heat Loss (kW),Hot Water Average Temperature (C),Hot Water Maximum Temperature (C),Hot Water Minimum Temperature (C),Hot Water Mains Temperature (C),HVAC Heating Delivered (kW),HVAC Heating Duct Losses (W),HVAC Heating Setpoint (C),HVAC Heating Main Power (kW),HVAC Heating Fan Power (kW),HVAC Heating Latent Gains (kW),HVAC Heating COP (-),HVAC Heating SHR (-),HVAC Heating Speed (-),HVAC Heating Capacity (kW),HVAC Heating Max Capacity (kW),HVAC Cooling Delivered (kW),HVAC Cooling Duct Losses (W),HVAC Cooling Setpoint (C),HVAC Cooling Main Power (kW),HVAC Cooling Fan Power (kW),HVAC Cooling Latent Gains (kW),HVAC Cooling COP (-),HVAC Cooling SHR (-),HVAC Cooling Speed (-),HVAC Cooling Capacity (kW),HVAC Cooling Max Capacity (kW),Temperature - Indoor (C),Temperature - Foundation (C),Temperature - Attic (C),Temperature - Outdoor (C),Temperature - Ground (C),Unmet HVAC Load (C),Occupancy (Persons),Net Sensible Heat Gain - Indoor (W),Net Sensible Heat Gain - Foundation (W),Net Sensible Heat Gain - Attic (W),Window Transmitted Solar Gain (W)
2018-01-01 00:00:00,0.3791770942655053,0.2555803101502493,1.202473921217549,0.3791770942655052,0.2555803101502493,1.202473921217549,0.0,0.33688485797811024,0.03229223628739501,0.010000000000000002,1.1966590044655978,0.0,0.005814916751951376,1.0,0.0,0.2526636434835826,0.0,0.0029166666666666685,0.0,0.0,0.0,0.0,0.0,0.0,0.0,0.06438364263533634,0.04828773197650224,0.0,0.0,0.0,0.007888817705619396,0.0,0.016483740149359508,0.0,0.007919678432416108,0.0,0.2725012153427739,0.20437591150708034,0.13191339702557023,0.0,0.08442458144816649,51.666666666666686,46.10666666666668,0.0,51.666402650804706,0.0,0.0,0.13191339702557023,0.13191340851276012,51.666402650804706,51.66640265080471,51.666402650804706,10.042356980382465,21.04237104359093,0.0,20.000000000000057,35.07061840598488,0.0,0.0,0.6,1.0,0.8601940872412017,21.04237104359093,24.462352573333334,0.0,0.0,22.222222222222285,0.010000000000000002,0.0,0.0,0.0,0.0,0.0,0.0,1.2583030608416401,20.062962665061836,-14.167542707030377,-8.394330819891833,-18.0,6.529479366362011,0.0,4.0,5911.548411684474,-9848.472073318646,-851.8793573055165,0.0
2018-01-01 01:00:00,0.3775675031996218,0.2543731168508367,1.2187321478865585,0.37756750319962185,0.2543731168508367,1.2187321478865585,0.0,0.3352752669122268,0.03229223628739501,0.010000000000000002,1.212916943493471,0.0,0.005815204393087511,1.0,0.0,0.25145645018417,0.0,0.0029166666666666685,0.0,0.0,0.0,0.0,0.0,0.0,0.0,0.06277405156945293,0.04708053867708969,0.0,0.0,0.0,0.007888817705619396,0.0,0.016483740149359508,0.0,0.007919678432416108,0.0,0.2725012153427739,0.20437591150708034,0.13191992226419538,0.0,0.08442875045289643,51.666666666666686,46.10666666666668,0.0,51.666402626607244,0.0,0.0,0.13191992226419538,0.1319199225826507,51.666402626607244,51.66640262660726,51.666402626607244,10.042356980382465,21.328254978907463,0.0,20.000000000000057,35.54709163151244,0.0,0.0,0.6,1.0,0.8718807774096763,21.328254978907463,24.462352573333334,0.0,0.0,22.222222222222285,0.010000000000000002,0.0,0.0,0.0,0.0,0.0,0.0,1.2647651175468166,20.06140202387135,-15.767304124959317,-12.949540466631717,-17.3,6.529479366362011,0.0,4.0,6502.3396624277275,-4634.73542817543,-373.1085623817697,0.0
2018-01-01 02:00:00,0.3759579121337384,0.25316592355142414,1.213545494321699,0.3759579121337384,0.2531659235514241,1.213545494321699,0.0,0.33366567584634343,0.03229223628739501,0.010000000000000002,1.2077302479660852,0.0,0.005815246355613768,1.0,0.0,0.25024925688475746,0.0,0.0029166666666666685,0.0,0.0,0.0,0.0,0.0,0.0,0.0,0.06116446050356953,0.04587334537767714,0.0,0.0,0.0,0.007888817705619396,0.0,0.016483740149359508,0.0,0.007919678432416108,0.0,0.2725012153427739,0.20437591150708034,0.13192087419861206,0.0,0.08442935969092309,51.666666666666686,46.10666666666668,0.0,51.66640262470193,0.0,0.0,0.13192087419861206,0.13192087451706735,51.66640262470193,51.66640262470194,51.66640262470193,10.042356980382465,21.237050741635098,0.0,20.000000000000057,35.395084569391834,0.0,0.0,0.6,1.0,0.8681524263854259,21.237050741635098,24.462352573333334,0.0,0.0,22.222222222222285,0.010000000000000002,0.0,0.0,0.0,0.0,0.0,0.0,1.2793832706595396,20.061173960220525,-14.402965377679855,-14.0632990900691,-15.950000000000001,6.529479366362011,0.0,4.0,7102.150304398169,-4163.3311166580015,-199.27190059845793,0.0
2018-01-01 03:00:00,0.37434832106785504,0.2519587302520116,1.2020639703477995,0.374348321067855,0.2519587302520116,1.2020639703477995,0.0,0.33205608478046,0.03229223628739501,0.010000000000000002,1.1962486820296594,0.0,0.005815288318140093,1.0,0.0,0.2490420635853449,0.0,0.0029166666666666685,0.0,0.0,0.0,0.0,0.0,0.0,0.0,0.05955486943768611,0.04466615207826457,0.0,0.0,0.0,0.007888817705619396,0.0,0.016483740149359508,0.0,0.007919678432416108,0.0,0.2725012153427739,0.20437591150708034,0.1319218261330303,0.0,0.08442996892894976,51.666666666666686,46.10666666666668,0.0,51.66640262279662,0.0,0.0,0.1319218261330303,0.131921826451484,51.66640262279662,51.666402622796625,51.66640262279662,10.042356980382465,21.035155824458077,0.0,20.000000000000057,35.05859304076346,0.0,0.0,0.6,1.0,0.8598991352691367,21.035155824458077,24.462352573333334,0.0,0.0,22.222222222222285,0.010000000000000002,0.0,0.0,0.0,0.0,0.0,0.0,1.2911892660921034,20.060945896569706,-13.249346067334436,-13.912606563553162,-14.850000000000001,6.529479366362011,0.0,4.0,7487.170377153426,-3905.9343902485784,-145.59486707943998,0.0
2018-01-01 04:00:00,0.3933537477458023,0.26569515198752536,1.1807332291835906,0.39335374774580234,0.26569515198752536,1.1807332291835906,0.0,0.350371313761145,0.03298243398465735,0.010000000000000002,1.174918316332706,0.0,0.00581491285088455,1.0,0.0,0.2627784853208587,0.0,0.0029166666666666685,0.0,0.0,0.0,0.0,0.0,0.0,0.0,0.05794527837180271,0.04345895877885201,0.0,0.0,0.0,0.007888817705619396,0.0,0.016949946941462603,0.0,0.00814366933757535,0.0,0.2924260353893423,0.21931952654200668,0.13191330852852048,0.0,0.08442451522833132,51.666666666666686,46.10666666666668,0.0,51.66640263605285,0.0,0.0,0.13191330852852048,0.13191330504426768,51.66640263605285,51.66640263605285,51.66640263605285,10.042356980382465,20.660076985945327,0.0,20.000000000000057,34.43346164324222,0.0,0.0,0.6,1.0,0.8445662339307093,20.660076985945327,24.462352573333334,0.0,0.0,22.222222222222285,0.010000000000000002,0.0,0.0,0.0,0.0,0.0,0.0,1.3037985476291545,20.062987446211242,-12.206722997283578,-13.42034528315847,-13.700000000000001,6.529479366362011,0.0,3.0,7681.987823644024,-3348.9071805607314,-122.31987646603518,0.0
2018-01-01 05:00:00,0.44121553976951383,0.2845944298258145,1.1265706898822183,0.4412155397695137,0.2845944298258145,1.1265706898822183,0.0,0.37557035087886387,0.05564518889064987,0.010000000000000002,1.1207568548372278,0.0,0.0058138350449907185,1.0,0.0,0.28167776315914783,0.0,0.0029166666666666685,0.0,0.0,0.0,0.0,0.0,0.0,0.0,0.05794527837180271,0.04345895877885201,0.0,0.0,0.0,0.006345353371911252,0.0,0.03330048515022123,0.0,0.01599935036851739,0.0,0.3176250725070612,0.23821880438029583,0.1318888581291675,0.0,0.08440886336560656,51.666666666666686,46.10666666666668,0.0,51.66640267937064,0.0,0.0,0.1318888581291675,0.13188884900876027,51.66640267937064,51.66640267937064,51.66640267937064,10.042356980382465,19.707687403952438,0.0,20.000000000000057,32.846145673254064,0.0,0.0,0.6,1.0,0.8056333643656167,19.707687403952438,24.462352573333334,0.0,0.0,22.222222222222285,0.010000000000000002,0.0,0.0,0.0,0.0,0.0,0.0,1.3238075232904276,20.068846599814513,-10.699677709497289,-12.645942944245846,-12.049999999999999,6.529479366362011,0.0,3.0,7733.961570098163,-2675.5494859751057,-88.671039733567,0.0
2018-01-01 06:00:00,1.0539382845073273,0.5475315481118257,1.228566997131782,1.0539382845073273,0.5475315481118256,1.2285669971317819,0.0,0.9383502554617215,0.1055880290456059,0.010000000000000002,1.0214933739393484,0.16981379868773216,0.03725982450470137,1.0,0.0,0.544614881445159,0.0,0.0029166666666666685,0.16326810636063485,0.19088156776360543,0.37460972368683737,0.05337899462086674,0.16981379868773216,0.0,0.0,0.06116446050356953,0.04587334537767714,0.0,0.0,0.0,0.006002361297753889,0.0,0.06726698000344689,0.0,0.03231868774440513,0.0,0.33930796491067977,0.2544809736830097,0.8452520014740257,0.0,0.08414328150345518,51.666666666666686,46.10666666666668,0.24607943406726696,51.66527019016562,0.7140742763418345,0.0,0.8452520014740257,0.13147387734914873,51.66527019016562,51.66527019016562,51.66527019016562,10.042356980382465,17.962211885582555,0.0,20.000000000000057,29.93701980930426,0.0,0.0,0.6,1.0,0.7342798216866252,17.962211885582555,24.462352573333334,0.0,0.0,22.222222222222285,0.010000000000000002,0.0,0.0,0.0,0.0,0.0,0.0,1.343148680395439,20.165159744332858,-9.108537115369039,-11.482890356659263,-10.4,6.529479366362011,0.0,3.0,7896.5145127150745,-2396.8931003049543,-67.52608476601539,0.0
2018-01-01 07:00:00,1.0105395188266508,0.3891415397225377,1.1757669202365748,1.0105395188266506,0.3891415397225377,1.1757669202365748,0.0,0.8719520631243164,0.12858745570233435,0.010000000000000002,0.9365907533892854,0.19978093963262608,0.03939522721466333,1.0,0.0,0.386224873055871,0.0,0.0029166666666666685,0.0,0.0,0.4407173219845146,0.0627988172010197,0.19978093963262608,0.0,0.0,0.06438364263533634,0.04828773197650224,0.0,0.0,0.0,0.0058308652606752056,0.0,0.08291820802405085,0.0,0.039838382417608294,0.0,0.3668510985044655,0.2751383238783491,0.8936943502650315,0.0,0.08403110623359437,51.666666666666686,46.10666666666668,0.2626313831130103,51.664583604236604,0.7621005945515867,0.0,0.8936943502650315,0.1312986034899912,51.664583604236604,51.664583604236604,51.664583604236604,10.042356980382465,16.469261565131433,0.0,20.000000000000057,27.448769275219053,0.0,0.0,0.6,1.0,0.6732492925919459,16.469261565131433,24.462352573333334,0.0,0.0,22.222222222222285,0.010000000000000002,0.0,0.0,0.0,0.0,0.0,0.0,1.363314244377525,20.206626652688513,-7.634354948306535,-10.179474572169704,-8.7,6.529479366362011,0.0,3.0,7560.14874107642,-1680.4257713383868,-33.27233456902828,34.33852255640937
2018-01-01 08:00:00,0.7453040049839522,0.3318258313575894,1.0101859083329559,0.7453040049839521,0.33182583135758936,1.0101859083329559,0.0,0.6527368923511234,0.08256711263282876,0.010000000000000002,0.8789149929989563,0.11986856377957562,0.011402351554423977,1.0,0.0,0.32890916469092274,0.0,0.0029166666666666685,0.0,0.0,0.26443039319070877,0.03767929032061181,0.11986856377957562,0.0,0.0,0.06599323370121975,0.04949492527591479,0.0,0.0,0.0,0.005659369223596524,0.0,0.05194875683434511,0.0,0.024958986574887123,0.0,0.3223132654591949,0.2417349490943961,0.258666287375327,0.0,0.08414019143435657,51.666666666666686,46.10666666666668,0.043832206046811144,51.66614793682843,0.1271962313407364,0.0,0.258666287375327,0.13146904911618212,51.66614793682843,51.66614793682843,51.66614793682843,10.042356980382465,15.455075614225114,0.0,20.000000000000057,25.758459357041858,0.0,0.0,0.6,1.0,0.6317902404477995,15.455075614225114,24.462352573333334,0.0,0.0,22.222222222222285,0.010000000000000002,0.0,0.0,0.0,0.0,0.0,0.0,1.3829132774115216,20.16884093954477,-5.795983980974931,-8.492157161503147,-6.800000000000001,6.529479366362011,0.0,1.0,7045.688437054057,-1182.3611580896566,-5.193051041409361,279.3773010835925
2018-01-01 09:00:00,0.48198812502859956,0.29414654103697757,0.8041481472000482,0.4819881250285995,0.29414654103697757,0.8041481472000482,0.0,0.38830649916041465,0.0836816258681849,0.010000000000000002,0.7927286912336476,0.0,0.011419455966400524,1.0,0.0,0.2912298743703109,0.0,0.0029166666666666685,0.0,0.0,0.0,0.0,0.0,0.0,0.0,0.06599323370121975,0.04949492527591479,0.0,0.0,0.0,0.004801889038203111,0.0,0.05328077624035396,0.0,0.02559896058962782,0.0,0.3223132654591949,0.2417349490943961,0.2590543068748657,0.0,0.08438916830438636,51.666666666666686,46.10666666666668,0.043832207093265636,51.66614816420418,0.12719623134073638,0.0,0.2590543068748657,0.13185807547560371,51.66614816420418,51.666148164204195,51.66614816420418,10.042356980382465,13.939552700970125,0.0,20.000000000000057,23.23258783495021,0.0,0.0,0.6,1.0,0.5698369631122796,13.939552700970125,24.462352573333334,0.0,0.0,22.222222222222285,0.010000000000000002,0.0,0.0,0.0,0.0,0.0,0.0,1.4034780315221351,20.075638850812346,-3.7689366887730835,-5.906774087216609,-4.05,6.529479366362011,0.0,1.0,6552.138580157313,58.977164798498585,48.01321722930334,924.4022486671244
2018-01-01 10:00:00,0.4603248351621816,0.2867128414730124,0.6323516590520989,0.46032483516218153,0.28671284147301235,0.6323516590520989,0.0,0.37839489974179447,0.07192993542038714,0.010000000000000002,0.626538978850181,0.0,0.005812680201917975,1.0,0.0,0.2837961748063457,0.0,0.0029166666666666685,0.0,0.0,0.0,0.0,0.0,0.0,0.0,0.06438364263533634,0.04828773197650224,0.0,0.0,0.0,0.003772912815731015,0.0,0.04603792072018084,0.0,0.022119101884475287,0.0,0.3140112571064581,0.23550844282984348,0.1318626601147753,0.0,0.08439210240545168,51.666666666666686,46.10666666666668,0.0,51.666402740795085,0.0,0.0,0.1318626601147753,0.13186266000851823,51.666402740795085,51.66640274079509,51.666402740795085,10.042356980382465,11.01722848116261,0.0,20.000000000000057,18.36204746860435,0.0,0.0,0.6,1.0,0.4503748545089897,11.01722848116261,24.462352573333334,0.0,0.0,22.222222222222285,0.010000000000000002,0.0,0.0,0.0,0.0,0.0,0.0,1.4253115654117288,20.075120943236698,-0.6325139591427623,-1.4471036596366889,-0.40000000000000013,6.529479366362011,0.0,0.8333333333333334,5556.213083759608,700.48685147618,-51.720735798209546,1308.3646470337032
2018-01-01 11:00:00,0.373860717116066,0.2555803101502493,0.548679683262074,0.37386071711606605,0.2555803101502493,0.548679683262074,0.0,0.33688485797811024,0.02697585913795585,0.010000000000000002,0.5126756163076465,0.0,0.036004066954427476,1.0,0.0,0.2526636434835826,0.0,0.0029166666666666685,0.0,0.0,0.0,0.0,0.0,0.0,0.0,0.06438364263533634,0.04828773197650224,0.0,0.0,0.0,0.0025724405561802378,0.0,0.016483740149359508,0.0,0.007919678432416108,0.0,0.2725012153427739,0.20437591150708034,0.8167647072678709,0.0,0.08442218451451337,51.666666666666686,46.10666666666668,0.23609416021393073,51.665285988914455,0.6851098598141251,0.0,0.8167647072678709,0.13190966330392714,51.665285988914455,51.66528598891446,51.665285988914455,10.042356980382465,9.015024750651339,0.0,20.000000000000057,15.025041251085566,0.0,0.0,0.6,1.0,0.3685264826277875,9.015024750651339,24.462352573333334,0.0,0.0,22.222222222222285,0.010000000000000002,0.0,0.0,0.0,0.0,0.0,0.0,1.4358748933591448,20.060865303105903,2.4182008699920217,3.596084216520261,2.1,6.529479366362011,0.0,0.0,4493.427732413442,1097.3484178277583,-63.36181498176413,1282.0513811698713
2018-01-01 12:00:00,0.498000382840522,0.3064881925977078,0.5092679526983604,0.498000382840522,0.30648819259770776,0.5092679526983604,0.0,0.4047620345747216,0.08323834826580044,0.010000000000000002,0.43662954477910504,0.0,0.07263840791925552,1.0,0.0,0.30357152593104114,0.0,0.0029166666666666685,0.0,0.0,0.0,0.0,0.0,0.0,0.0,0.06760282476710315,0.05070211857532734,0.0,0.0,0.0,0.00205795244494419,0.0,0.054834798880697616,0.0,0.02634559694015863,0.0,0.33715920980761843,0.2528694073557138,1.6478273983789269,0.0,0.08437968960077391,51.666666666666686,46.10666666666668,0.5225451778622118,51.66364342885856,1.5162598370935403,0.0,1.6478273983789269,0.13184326500120921,51.66364342885856,51.66364342885856,51.66364342885856,10.042356980382465,7.6778103499410575,0.0,20.000000000000057,12.796350583235096,0.0,0.0,0.6,1.0,0.3138623044093771,7.6778103499410575,24.462352573333334,0.0,0.0,22.222222222222285,0.010000000000000002,0.0,0.0,0.0,0.0,0.0,0.0,1.4402000315655208,20.072990864381094,3.658247632982613,7.187753141669525,3.6,6.529479366362011,0.0,1.1666666666666667,3606.2299079721324,1057.2254272731275,-358.1310804247235,1222.4993526903388
2018-01-01 13:00:00,0.5835336520328118,0.34106361561969417,0.43682414833529554,0.5835336520328118,0.34106361561969417,0.43682414833529554,0.0,0.4508625986040367,0.1226710534287751,0.010000000000000002,0.3992481695105094,0.0,0.037575978824786145,1.0,0.0,0.3381469489530275,0.0,0.0029166666666666685,0.0,0.0,0.0,0.0,0.0,0.0,0.0,0.06760282476710315,0.05070211857532734,0.0,0.0,0.0,0.0018864564078655075,0.0,0.081586188618042,0.0,0.0391984084028676,0.0,0.3832597738369336,0.28744483037770013,0.8524240715355099,0.0,0.08434424781474294,51.666666666666686,46.10666666666668,0.24815981367572268,51.66443149127036,0.7201056483311531,0.0,0.8524240715355099,0.13178788721053586,51.66443149127036,51.66443149127037,51.66443149127036,10.042356980382465,7.020486278851334,0.0,20.000000000000057,11.700810464752225,0.0,0.0,0.6,1.0,0.28699145995076697,7.020486278851334,24.462352573333334,0.0,0.0,22.222222222222285,0.010000000000000002,0.0,0.0,0.0,0.0,0.0,0.0,1.442503452325278,20.089474341531115,4.437986421991586,8.288811605356136,3.85,6.529479366362011,0.0,2.5,2877.576955348471,676.5733390350475,-626.7089608136021,1271.2321436208074
2018-01-01 14:00:00,0.631005932319939,0.35688626683314556,0.38298106697060835,0.6310059323199388,0.3568862668331455,0.3829810669706083,0.0,0.4719594668886386,0.14904646543130026,0.010000000000000002,0.3588382303643725,0.0,0.024142836606235802,1.0,0.0,0.3539696001664789,0.0,0.0029166666666666685,0.0,0.0,0.0,0.0,0.0,0.0,0.0,0.06760282476710315,0.05070211857532734,0.0,0.0,0.0,0.0018864564078655075,0.0,0.09940194817341036,0.0,0.0477580608500244,0.0,0.40435664212153544,0.3032674815911515,0.5476885957985739,0.0,0.08433733547858517,51.666666666666686,46.10666666666668,0.14332817361833194,51.66557043448632,0.4159114866062173,0.0,0.5476885957985739,0.1317770866852893,51.66557043448632,51.66557043448632,51.66557043448632,10.042356980382465,6.30990713292189,0.0,20.000000000000057,10.516511888203151,0.0,0.0,0.6,1.0,0.25794359369181796,6.30990713292189,24.462352573333334,0.0,0.0,22.222222222222285,0.010000000000000002,0.0,0.0,0.0,0.0,0.0,0.0,1.443709405291953,20.093724534147366,3.9887960579791497,7.68157466299608,3.5999999999999996,6.529479366362011,0.0,3.0,2298.336716108883,880.544351101922,-603.3023974406599,1364.130376932184
2018-01-01 15:00:00,0.7153757897297042,0.38776389404989836,0.32395625374342657,0.7153757897297042,0.3877638940498983,0.3239562537434265,0.0,0.5164714606687406,0.18890432906096352,0.010000000000000002,0.3148074924659361,0.003341824157764996,0.005806937119725461,1.0,0.0,0.3848472273832317,0.0,0.0029166666666666685,0.0,0.0,0.0,0.0,0.0,0.0,0.0,0.06599323370121975,0.04949492527591479,0.003341824157764996,0.0,0.003341824157764996,0.00205795244494419,0.0,0.12620883871933844,0.0,0.060637537896680895,0.0,0.4471364028097559,0.3353523021073168,0.13173237630956736,0.0,0.08430871714987746,51.666666666666686,46.10666666666668,0.0,51.66640299592015,0.0,0.0,0.13173237630956736,0.13173237054668352,51.66640299592015,51.66640299592016,51.66640299592015,10.042356980382465,5.535658896185677,0.0,20.000000000000057,9.226098160309464,0.0,0.0,0.6,1.0,0.22629298958842403,5.535658896185677,24.462352573333334,0.0,0.0,22.222222222222285,0.010000000000000002,0.0,0.0,0.0,0.0,0.0,0.0,1.4444089056762055,20.106335580531518,3.811605480293227,7.295908059015261,3.0500000000000003,6.529479366362011,0.0,3.0,1978.4837366312433,-90.02393099190319,-572.1027158935225,1264.068603115389
2018-01-01 16:00:00,0.8422272329974612,0.403691980447487,0.3597728918301539,0.8422272329974612,0.40369198044748694,0.3597728918301538,0.0,0.6012035681963939,0.23102366480106737,0.010000000000000002,0.25915608605858437,0.06683648315529993,0.0337803226162695,1.0,0.0,0.4007753137808203,0.0,0.0029166666666666685,0.0,0.0,0.0,0.0,0.0,0.0,0.0,0.07082200689886999,0.05311650517415247,0.06683648315529993,0.0,0.06683648315529993,0.0032584247044949674,0.0,0.15384824139402206,0.0,0.07391699870255033,0.0,0.46354507814222395,0.34765880860666787,0.7663182980971194,0.0,0.08384729312250207,51.666666666666686,46.10666666666668,0.2189339185023829,51.66513411979378,0.6353081607706621,0.0,0.7663182980971194,0.13101139550390947,51.66513411979378,51.66513411979378,51.66513411979378,10.042356980382465,4.557069725543764,0.0,20.000000000000057,7.595116209239607,0.0,0.0,0.6,1.0,0.1862891033020051,4.557069725543764,24.462352573333334,0.0,0.0,22.222222222222285,0.010000000000000002,0.0,0.0,0.0,0.0,0.0,0.0,1.442142915902357,20.27616764785255,1.6589765458976116,5.757356445247061,0.8000000000000002,6.529479366362011,0.0,3.0,2154.8073892994166,-1196.2707608479627,-539.2181511319377,733.2104307745122
2018-01-01 17:00:00,1.134309880961859,0.49523244570028374,0.4280791865648199,1.134309880961859,0.49523244570028374,0.42807918656481986,0.0,0.7255378368607884,0.3987720441010707,0.010000000000000002,0.34913085344363565,0.053396335540912575,0.025551997580271657,1.0,0.0,0.49231577903361706,0.0,0.0029166666666666685,0.0,0.0,0.04407173219845145,0.006279881720101969,0.019978093963262604,0.0,0.0,0.07726037116240361,0.057945278371802696,0.033418241577649964,0.0,0.033418241577649964,0.006345353371911252,0.0,0.265071861795761,0.0,0.12735482893339842,0.0,0.5707874919222834,0.4280906189417124,0.5796558997120049,0.0,0.08386583994007339,51.666666666666686,46.10666666666668,0.154729758448515,51.66589388680108,0.449004039645802,0.0,0.5796558997120049,0.13104037490636467,51.66589388680108,51.66589388680108,51.66589388680108,10.042356980382465,6.1392100285138085,0.0,20.000000000000057,10.232016714189681,0.0,0.0,0.6,1.0,0.2509656424135684,6.1392100285138085,24.462352573333334,0.0,0.0,22.222222222222285,0.010000000000000002,0.0,0.0,0.0,0.0,0.0,0.0,1.4390895900923724,20.27027530673003,-0.6683598182520164,2.775636136557001,-1.4000000000000001,6.529479366362011,0.0,4.0,2324.2215349523653,-1241.758788119115,-518.6762760555304,121.78647353016555
2018-01-01 18:00:00,1.639196696444739,0.7300793316887804,0.614434007089499,1.6391966964447389,0.7300793316887803,0.6144340070894989,0.0,1.1577036023218656,0.47149309412287344,0.010000000000000002,0.4963125053159601,0.0865717405074713,0.0315497612660676,1.0,0.0,0.7271626650221137,0.0,0.0029166666666666685,0.16326810636063485,0.19088156776360543,0.19097750619328965,0.027212820787108533,0.0865717405074713,0.15394901690853757,0.021936546826847068,0.08047955329417043,0.06035966497062781,0.0,0.0,0.0,0.008403305816855444,0.0,0.3128025571777447,0.0,0.15028723112827333,0.0,0.5690294195652332,0.4267720646739248,0.7157172426511694,0.0,0.08396465076370857,51.666666666666686,46.10666666666668,0.20142821656844356,51.66521895813008,0.5845072465608865,0.0,0.7157172426511694,0.13119476681829464,51.66521895813008,51.66521895813009,51.66521895813008,10.042356980382465,8.727291443477261,0.0,20.000000000000057,14.54548573912877,0.0,0.0,0.6,1.0,0.3567641917233657,8.727291443477261,24.462352573333334,0.0,0.0,22.222222222222285,0.010000000000000002,0.0,0.0,0.0,0.0,0.0,0.0,1.4289585368789977,20.232458998977012,-2.4336718684084837,-0.48747669243502756,-3.6,6.529479366362011,0.0,3.8333333333333335,3102.3281164430823,-2246.1331741724084,-469.05998187849127,0.0
2018-01-01 19:00:00,1.4752544186358527,0.5209507976965314,0.6737036332940075,1.4752544186358525,0.5209507976965314,0.6737036332940074,0.0,0.9650528078798511,0.5002016107560014,0.010000000000000002,0.6055427611448573,0.0,0.06816087214915022,1.0,0.0,0.5180341310298647,0.0,0.0029166666666666685,0.0,0.0,0.0,0.0,0.0,0.33868783719878265,0.04826040301906356,0.07726037116240361,0.057945278371802696,0.0,0.0,0.0,0.011147242410114366,0.0,0.33034081269019455,0.0,0.15871355565569248,0.0,0.5491045995186649,0.4118284496389985,1.5462529513260292,0.0,0.08407513397642961,51.666666666666686,46.10666666666668,0.48783186835207476,51.66425642479245,1.4155721159674874,0.0,1.5462529513260292,0.13136739683817125,51.66425642479245,51.66425642479245,51.66425642479245,10.042356980382465,10.648025390040809,0.0,20.000000000000057,17.74670898340135,0.0,0.0,0.6,1.0,0.4352821486862361,10.648025390040809,24.462352573333334,0.0,0.0,22.222222222222285,0.010000000000000002,0.0,0.0,0.0,0.0,0.0,0.0,1.4188208804214992,20.187670985317705,-4.328896004493798,-3.0023909087932874,-5.3,6.529479366362011,0.0,4.0,3788.95794250403,-1929.1109783545517,-357.4611969551716,0.0
2018-01-01 20:00:00,1.0236817872349857,0.44643067029009065,0.7342981174791773,1.0236817872349857,0.4464306702900906,0.7342981174791772,0.0,0.5913520048312322,0.4223297824037536,0.010000000000000002,0.6608758639640213,0.0,0.07342225351515591,1.0,0.0,0.44351400362342397,0.0,0.0029166666666666685,0.0,0.0,0.0,0.0,0.0,0.0,0.0,0.07565078009652021,0.05673808507239014,0.0,0.0,0.0,0.015606139374160109,0.0,0.2747290024893251,0.0,0.13199464054026844,0.0,0.5157012247347119,0.3867759185510338,1.6656092067365538,0.0,0.08416422887782073,51.666666666666686,46.10666666666668,0.5284999693091185,51.66271755879567,1.5334854915422402,0.0,1.6656092067365538,0.13150660762159488,51.66271755879567,51.66271755879567,51.66271755879567,10.042356980382465,11.621017425507075,0.0,20.000000000000057,19.368362375845127,0.0,0.0,0.6,1.0,0.4750572288854698,11.621017425507075,24.462352573333334,0.0,0.0,22.222222222222285,0.010000000000000002,0.0,0.0,0.0,0.0,0.0,0.0,1.4136893874044432,20.15310648374623,-4.804105402994107,-4.277424868943172,-5.849999999999999,6.529479366362011,0.0,4.0,4454.229290003523,-2012.6504894285433,-223.22150587080012,0.0
2018-01-01 21:00:00,0.9032045805367334,0.42896130768796414,0.751918563066524,0.9032045805367332,0.42896130768796414,0.751918563066524,0.0,0.5680595213617301,0.32514505917500325,0.010000000000000002,0.6965549646514613,0.0,0.055363598415062866,1.0,0.0,0.42604464102129747,0.0,0.0029166666666666685,0.0,0.0,0.0,0.0,0.0,0.0,0.0,0.07404118903063679,0.05553089177297758,0.0,0.0,0.0,0.018007083893261663,0.0,0.20746202248587822,0.0,0.09967595279586332,0.0,0.4940183323310932,0.37051374924831987,1.2559423720106746,0.0,0.08421454920525706,51.666666666666686,46.10666666666668,0.3874720310488486,51.664143562974544,1.1243478026205727,0.0,1.2559423720106746,0.13158523313321416,51.664143562974544,51.66414356297455,51.664143562974544,10.042356980382465,12.248408246421869,0.0,20.000000000000057,20.41401374403645,0.0,0.0,0.6,1.0,0.5007044277406903,12.248408246421869,24.462352573333334,0.0,0.0,22.222222222222285,0.010000000000000002,0.0,0.0,0.0,0.0,0.0,0.0,1.4099658262938768,20.13645093039342,-5.088858624886588,-4.852890352315065,-6.099999999999999,6.529479366362011,0.0,4.0,4955.800906137547,-1856.133515806986,-169.29593332177674,0.0
2018-01-01 22:00:00,0.6988398147243174,0.3540264363608201,0.810855695696385,0.6988398147243174,0.3540264363608201,0.8108556956963849,0.0,0.4681463595922048,0.22069345513211278,0.010000000000000002,0.747830780660471,0.0,0.06302491503591394,1.0,0.0,0.3511097696941534,0.0,0.0029166666666666685,0.0,0.0,0.0,0.0,0.0,0.0,0.0,0.07082200689886999,0.05311650517415247,0.0,0.0,0.0,0.015606139374160109,0.0,0.1385300182249203,0.0,0.06655729753303233,0.0,0.39732435269333477,0.297993264520001,1.4297419884550164,0.0,0.08427545176498487,51.666666666666686,46.10666666666668,0.44719604028792775,51.66337286714142,1.2976282239127916,0.0,1.4297419884550164,0.13168039338278884,51.66337286714142,51.663372867141426,51.66337286714142,10.042356980382465,13.150055868675233,0.0,20.000000000000057,21.916759781125393,0.0,0.0,0.6,1.0,0.5375630094960796,13.150055868675233,24.462352573333334,0.0,0.0,22.222222222222285,0.010000000000000002,0.0,0.0,0.0,0.0,0.0,0.0,1.4088718804916336,20.112642404331247,-5.015783633706895,-5.2806490900872385,-6.099999999999999,6.529479366362011,0.0,3.5,5281.2470855456195,-1794.9514946969002,-156.50405962752873,0.0
2018-01-01 23:00:00,0.4760368457390105,0.29531858927501103,0.8403660108903068,0.4760368457390105,0.29531858927501103,0.8403660108903067,0.0,0.38986923014445923,0.07616761559455128,0.010000000000000002,0.8345538873614543,0.0,0.005812123528852482,1.0,0.0,0.29240192260834436,0.0,0.0029166666666666685,0.0,0.0,0.0,0.0,0.0,0.0,0.0,0.06599323370121975,0.04949492527591479,0.0,0.0,0.0,0.010804250335956998,0.0,0.04415089322833498,0.0,0.021212472030259305,0.0,0.3238759964432395,0.24290699733242957,0.1318500317938149,0.0,0.08438322784458939,51.666666666666686,46.10666666666668,0.0,51.66640153140182,0.0,0.0,0.1318500317938149,0.1318487935071709,51.66640153140182,51.666401531401824,51.66640153140182,10.042356980382465,14.67501810306711,0.0,20.000000000000057,24.45836350511185,0.0,0.0,0.6,1.0,0.5999021581867191,14.67501810306711,24.462352573333334,0.0,0.0,22.222222222222285,0.010000000000000002,0.0,0.0,0.0,0.0,0.0,0.0,1.410414492684751,20.078442427493517,-4.52874130736831,-5.4849555198041715,-5.55,6.529479366362011,0.0,3.6666666666666665,5536.715806581851,-1160.6898020284689,-84.56242878208617,0.0
2018-01-02 00:00:00,0.4677173251371897,0.27667717843485107,0.9049775617980221,0.46771732513718967,0.27667717843485107,0.9049775617980221,0.0,0.41625531944330935,0.04146200569388039,0.010000000000000002,0.847943442752901,0.05124130375239661,0.005792815292724528,1.0,0.0,0.2737605117681844,0.0,0.0029166666666666685,0.0,0.0,0.0,0.0,0.0,0.0,0.0,0.06438364263533634,0.04828773197650224,0.05124130375239661,0.0,0.05124130375239661,0.007888817705619396,0.0,0.022677630387300654,0.0,0.010895557600960339,0.0,0.3006303730555763,0.22547277979168215,0.13141201778142933,0.0,0.08410353057808483,51.666666666666686,46.10666666666668,0.0,51.666403392330075,0.0,0.0,0.13141201778142933,0.1314117665282575,51.66640339233007,51.666403392330075,51.666403392330075,10.011674398445251,14.910463615618413,0.0,20.000000000000057,24.85077269269736,0.0,0.0,0.6,1.0,0.6095269688767574,14.910463615618413,24.462352573333334,0.0,0.0,22.222222222222285,0.010000000000000002,0.0,0.0,0.0,0.0,0.0,0.0,1.4119594800245334,20.183145495943414,-3.7279811581369393,-5.091392610842752,-5.0,6.529479366362011,0.0,4.0,5991.15911774922,-1451.7566839555036,-78.15150066059147,0.0
2018-01-02 01:00:00,0.4034790336434357,0.27151432233207573,0.9118500320600363,0.4034790336434356,0.27151432233207573,0.9118500320600362,0.0,0.3581302075538788,0.035348826089556806,0.010000000000000002,0.8704657748284065,0.0,0.04138425723162988,1.0,0.0,0.26859765566540905,0.0,0.0029166666666666685,0.0,0.0,0.0,0.0,0.0,0.0,0.0,0.06277405156945293,0.04708053867708969,0.0,0.0,0.0,0.007888817705619396,0.0,0.018548370228673224,0.0,0.008911638155264185,0.0,0.2953561559844259,0.22151711698831936,0.9388161839070756,0.0,0.08434441204393951,51.666666666666686,46.10666666666668,0.2778513468506822,51.665224292811224,0.8074659675959212,0.0,0.9388161839070756,0.13178814381865547,51.665224292811224,51.66522429281124,51.665224292811224,9.980991816508038,15.306502308789321,0.0,20.000000000000057,25.510837181315537,0.0,0.0,0.6,1.0,0.6257166911033364,15.306502308789321,24.462352573333334,0.0,0.0,22.222222222222285,0.010000000000000002,0.0,0.0,0.0,0.0,0.0,0.0,1.4078016556399848,20.0895152028793,-3.921638242420894,-5.007743952767058,-5.3,6.529479366362011,0.0,4.0,5593.794647663107,-1676.2205253874447,-133.5372206898709,0.0
2018-01-02 02:00:00,0.39588273218030684,0.2681095385863505,0.8869750323062874,0.3958827321803068,0.26810953858635045,0.8869750323062872,0.0,0.35359049589291186,0.03229223628739501,0.010000000000000002,0.8598872058707846,0.0,0.027087826435502674,1.0,0.0,0.2651928719196838,0.0,0.0029166666666666685,0.0,0.0,0.0,0.0,0.0,0.0,0.0,0.06116446050356953,0.04587334537767714,0.0,0.0,0.0,0.007888817705619396,0.0,0.016483740149359508,0.0,0.007919678432416108,0.0,0.2924260353893423,0.21931952654200668,0.6144967083057701,0.0,0.08441550200092567,51.666666666666686,46.10666666666668,0.1659205190171996,51.6650003125098,0.48215981863294105,0.0,0.6144967083057701,0.13189922187644634,51.6650003125098,51.66500031250981,51.6650003125098,9.980991816508038,15.120485931286778,0.0,20.000000000000057,25.200809885477963,0.0,0.0,0.6,1.0,0.6181125010752145,15.120485931286778,24.462352573333334,0.0,0.0,22.222222222222285,0.010000000000000002,0.0,0.0,0.0,0.0,0.0,0.0,1.4038281684596245,20.063934766654096,-4.12464128194063,-5.254269516744649,-5.3,6.529479366362011,0.0,4.0,5817.027000135505,-1278.6896489884573,-99.89951305458493,0.0
2018-01-02 03:00:00,0.3913430205193398,0.26470475484062517,0.920303261904487,0.3913430205193398,0.26470475484062517,0.9203032619044869,0.0,0.3490507842319448,0.03229223628739501,0.010000000000000002,0.8726717515156724,0.0,0.0476315103888145,1.0,0.0,0.2617880881739585,0.0,0.0029166666666666685,0.0,0.0,0.0,0.0,0.0,0.0,0.0,0.05955486943768611,0.04466615207826457,0.0,0.0,0.0,0.007888817705619396,0.0,0.016483740149359508,0.0,0.007919678432416108,0.0,0.2894959147942587,0.21712193609569394,1.0805372817656806,0.0,0.08441414627150812,51.666666666666686,46.10666666666668,0.32690068354087193,51.665883278724955,0.9500234300560663,0.0,1.0805372817656806,0.13189710354923143,51.66588327872495,51.665883278724955,51.665883278724955,9.980991816508038,15.345292791118657,0.0,20.000000000000057,25.575487985197764,0.0,0.0,0.6,1.0,0.6273024127633056,15.345292791118657,24.462352573333334,0.0,0.0,22.222222222222285,0.010000000000000002,0.0,0.0,0.0,0.0,0.0,0.0,1.3958125177115874,20.063249202598346,-4.284371495332577,-5.212983959338555,-5.8500000000000005,6.529479366362011,0.0,4.0,5874.090913313882,-2197.781204084387,-176.11065136967014,0.0
2018-01-02 04:00:00,0.38304623887388695,0.2582233444700622,0.9163295440479599,0.383046238873887,0.2582233444700622,0.9163295440479599,0.0,0.3404089037378608,0.03263733513602618,0.010000000000000002,0.8516576808365438,0.0,0.06467186321141617,1.0,0.0,0.2553066778033955,0.0,0.0029166666666666685,0.0,0.0,0.0,0.0,0.0,0.0,0.0,0.05794527837180271,0.04345895877885201,0.0,0.0,0.0,0.007888817705619396,0.0,0.016716843545411055,0.0,0.008031673884995729,0.0,0.2824636253660581,0.2118477190245435,1.4671035772486405,0.0,0.08440967068304366,51.666666666666686,46.10666666666668,0.4594848035730536,51.66372857270712,1.3352118054450675,0.0,1.4671035772486405,0.1318901104422557,51.66372857270712,51.66372857270712,51.66372857270712,9.980991816508038,14.975775768544677,0.0,20.000000000000057,24.959626280907795,0.0,0.0,0.6,1.0,0.6121968736919411,14.975775768544677,24.462352573333334,0.0,0.0,22.222222222222285,0.010000000000000002,0.0,0.0,0.0,0.0,0.0,0.0,1.3910296790078676,20.06245038724016,-5.056348484567847,-5.940666953774965,-6.1499999999999995,6.529479366362011,0.0,3.5,5929.58327335446,-1366.3400317726012,-135.65313493804354,0.0
2018-01-02 05:00:00,0.42389395215059444,0.2762435861298263,0.8321707312347901,0.4238939521505944,0.27624358612982625,0.83217073123479,0.0,0.3644358926175462,0.04945805953304817,0.010000000000000002,0.8103382234229292,0.0,0.0218325078118609,1.0,0.0,0.2733269194631596,0.0,0.0029166666666666685,0.0,0.0,0.0,0.0,0.0,0.0,0.0,0.05794527837180271,0.04345895877885201,0.0,0.0,0.0,0.006345353371911252,0.0,0.02912127426386846,0.0,0.013991431897268454,0.0,0.30649061424574353,0.2298679606843076,0.4952779883019643,0.0,0.08441036863848278,51.666666666666686,46.10666666666668,0.12465350931446416,51.6645522603971,0.36226049590156073,0.0,0.4952779883019643,0.13189120099762933,51.6645522603971,51.66455226039711,51.6645522603971,9.980991816508038,14.249203410861702,0.0,20.000000000000057,23.74867235143617,0.0,0.0,0.6,1.0,0.5824952186485493,14.249203410861702,24.462352573333334,0.0,0.0,22.222222222222285,0.010000000000000002,0.0,0.0,0.0,0.0,0.0,0.0,1.392505871574713,20.066047317958986,-4.569907016637603,-5.766229699552748,-5.849999999999999,6.529479366362011,0.0,4.0,6008.964665924347,-1789.8838016731104,-97.01038940275741,0.0
2018-01-02 06:00:00,0.6928281353350028,0.35337604790328286,0.7882176945503411,0.6928281353350028,0.35337604790328286,0.788217694550341,0.0,0.5018113579457267,0.181016777389276,0.010000000000000002,0.7422757189863032,0.03453218296357163,0.011409792600466257,1.0,0.0,0.3504593812366162,0.0,0.0029166666666666685,0.0,0.0,0.0,0.0,0.0,0.0,0.0,0.06116446050356953,0.04587334537767714,0.03453218296357163,0.0,0.03453218296357163,0.006002361297753889,0.0,0.11821672228328535,0.0,0.05679769380823672,0.0,0.40611471447858555,0.30458603585893906,0.25883509007753785,0.0,0.08408507823001676,51.666666666666686,46.10666666666668,0.04385570109029721,51.66614848399905,0.12745203597430185,0.0,0.25883509007753785,0.13138293473440119,51.66614848399905,51.66614848399905,51.66614848399905,9.980991816508038,13.052374182846885,0.0,20.000000000000057,21.75395697141148,0.0,0.0,0.6,1.0,0.5335698659284068,13.052374182846885,24.462352573333334,0.0,0.0,22.222222222222285,0.010000000000000002,0.0,0.0,0.0,0.0,0.0,0.0,1.3959338781080213,20.189471442856377,-4.413968552290648,-5.685684782510094,-5.25,6.529479366362011,0.0,4.0,6172.139366038174,-906.7606693089512,-63.77470213641896,0.0
2018-01-02 07:00:00,0.6660039618822122,0.36150416966252097,0.740055640136774,0.6660039618822122,0.36150416966252097,0.7400556401367739,0.0,0.4781166706611393,0.17788729122107294,0.010000000000000002,0.7286182850499329,0.0,0.011437355086841058,1.0,0.0,0.3585875029958543,0.0,0.0029166666666666685,0.0,0.0,0.0,0.0,0.0,0.0,0.0,0.06438364263533634,0.04828773197650224,0.0,0.0,0.0,0.0058308652606752056,0.0,0.11621869317427207,0.0,0.05583773278612567,0.0,0.4137330280258029,0.3102997710193521,0.25946035461068034,0.0,0.08432197578789458,51.666666666666686,46.10666666666668,0.04385570269761314,51.6658928438784,0.12745203597430188,0.0,0.25946035461068034,0.13175308716858528,51.66589284387842,51.66589284387842,51.6658928438784,9.980991816508038,12.812218222527369,0.0,20.000000000000057,21.35369703754561,0.0,0.0,0.6,1.0,0.5237524961721834,12.812218222527369,24.462352573333334,0.0,0.0,22.222222222222285,0.010000000000000002,0.0,0.0,0.0,0.0,0.0,0.0,1.405545241599416,20.100658658826433,-2.775816584232078,-4.992759204754654,-3.6,6.529479366362011,0.0,3.0,5975.56972313402,-422.6361323908277,-15.946901513697881,113.57320421254225
2018-01-02 08:00:00,0.6347179229754504,0.35018509741795123,0.7198917654129212,0.6347179229754504,0.35018509741795123,0.7198917654129211,0.0,0.46302457433504624,0.16169334864040422,0.010000000000000002,0.6758838821688236,0.0,0.04400788324409762,1.0,0.0,0.34726843075128455,0.0,0.0029166666666666685,0.0,0.0,0.0,0.0,0.0,0.0,0.0,0.06599323370121975,0.04949492527591479,0.0,0.0,0.0,0.005659369223596524,0.0,0.10539603550045018,0.0,0.050637943916357536,0.0,0.39703134063382645,0.29777350547536974,0.9983340471186389,0.0,0.08432028110086237,51.666666666666686,46.10666666666668,0.29845544500968163,51.66543089887461,0.8673481940219423,0.0,0.9983340471186389,0.13175043922009746,51.66543089887461,51.66543089887461,51.66543089887461,9.980991816508038,11.884922419758508,0.0,20.000000000000057,19.808204032930846,0.0,0.0,0.6,1.0,0.4858454387872075,11.884922419758508,24.462352573333334,0.0,0.0,22.222222222222285,0.010000000000000002,0.0,0.0,0.0,0.0,0.0,0.0,1.4122359571635021,20.098444156562234,-1.4160733321531376,-3.7051941101265693,-2.25,6.529479366362011,0.0,2.5,5745.258879685574,-245.84371976705333,-0.21797114626604852,383.92617595094043
2018-01-02 09:00:00,0.5340090596221163,0.31282605983063544,0.5963776687850392,0.5340090596221163,0.31282605983063544,0.5963776687850392,0.0,0.41321252421862514,0.11079653540349114,0.010000000000000002,0.5849150481411628,0.0,0.011462620643876353,1.0,0.0,0.30990939316396876,0.0,0.0029166666666666685,0.0,0.0,0.0,0.0,0.0,0.0,0.0,0.06599323370121975,0.04949492527591479,0.0,0.0,0.0,0.004801889038203111,0.0,0.07159604307297564,0.0,0.03439860329231238,0.0,0.3472192905174054,0.260414467888054,0.2600335125075927,0.0,0.08436283235135511,51.666666666666686,46.10666666666668,0.04386051589185227,51.66538382152502,0.12745203597430185,0.0,0.2600335125075927,0.13181692554899235,51.66538382152502,51.66538382152503,51.66538382152502,9.980991816508038,10.285302183860379,0.0,20.000000000000057,17.142170306433965,0.0,0.0,0.6,1.0,0.4204543350042504,10.285302183860379,24.462352573333334,0.0,0.0,22.222222222222285,0.010000000000000002,0.0,0.0,0.0,0.0,0.0,0.0,1.422249366418671,20.085100833794474,-0.2516674292271554,-1.5724897547631083,0.25000000000000017,6.529479366362011,0.0,2.5,5260.9700164277265,685.6979306192651,49.770405932208185,868.5665812295588
2018-01-02 10:00:00,0.8622501065908384,0.3477807148046827,0.4649412022258308,0.8622501065908384,0.3477807148046827,0.4649412022258308,0.0,0.7715694503658752,0.08068065622496325,0.010000000000000002,0.44554317413207783,0.0,0.019398028093752965,1.0,0.0,0.344864048138016,0.0,0.0029166666666666685,0.0,0.0,0.0,0.0,0.0,0.38487254227134393,0.054841367067117675,0.06438364263533634,0.04828773197650224,0.0,0.0,0.0,0.003772912815731015,0.0,0.05194875683434511,0.0,0.024958986574887123,0.0,0.3223132654591949,0.2417349490943961,0.4400509741752872,0.0,0.08436262080857566,51.666666666666686,46.10666666666668,0.10619030104047363,51.66615262602475,0.3086021523400711,0.0,0.4400509741752872,0.13181659501339948,51.66615262602476,51.66615262602476,51.66615262602475,9.980991816508038,7.8345499854515595,0.0,20.000000000000057,13.057583309085933,0.0,0.0,0.6,1.0,0.3202696863257577,7.8345499854515595,24.462352573333334,0.0,0.0,22.222222222222285,0.010000000000000002,0.0,0.0,0.0,0.0,0.0,0.0,1.431530558463039,20.084939127223908,2.896206600210553,2.6396846726242216,3.9,6.529479366362011,0.0,2.0,4494.30508854396,1300.2749831556737,64.60529923845058,1305.2354051233522
2018-01-02 11:00:00,0.6879275340108721,0.3500491489962992,0.3142743237978387,0.687927534010872,0.3500491489962992,0.3142743237978387,0.0,0.5501335112370959,0.12779402277377633,0.010000000000000002,0.30167738800511085,0.0,0.012596935792727885,1.0,0.0,0.3471324823296325,0.0,0.0029166666666666685,0.0,0.0,0.0,0.0,0.0,0.10776431183597629,0.015355582778792946,0.06438364263533634,0.04828773197650224,0.0,0.0,0.0,0.0025724405561802378,0.0,0.08458323228156191,0.0,0.040638349936034164,0.0,0.3779855567657832,0.2834891675743373,0.2857658438487693,0.0,0.0843291084507513,51.666666666666686,46.10666666666668,0.05286532711428674,51.66572795175446,0.153633820064863,0.0,0.2857658438487693,0.1317642319542989,51.66572795175446,51.66572795175446,51.66572795175446,9.980991816508038,5.304775637985338,0.0,20.000000000000057,8.841292729975562,0.0,0.0,0.6,1.0,0.21685467994472982,5.304775637985338,24.462352573333334,0.0,0.0,22.222222222222285,0.010000000000000002,0.0,0.0,0.0,0.0,0.0,0.0,1.433822358839669,20.097810892363555,4.255232509807824,7.783587063726273,7.25,6.529479366362011,0.0,3.0,3409.208398443489,1052.3742431821581,-4.860918531792034,1218.7934167280291
2018-01-02 12:00:00,0.5846911447802653,0.34106361561969417,0.21907883191997765,0.5846911447802652,0.34106361561969417,0.21907883191997762,0.0,0.4508625986040367,0.12382854617622857,0.010000000000000002,0.2132688000728702,0.0,0.005810031847107457,1.0,0.0,0.3381469489530275,0.0,0.0029166666666666685,0.0,0.0,0.0,0.0,0.0,0.0,0.0,0.06760282476710315,0.05070211857532734,0.0,0.0,0.0,0.00205795244494419,0.0,0.08225219832104642,0.0,0.039518395410237946,0.0,0.3832597738369336,0.28744483037770013,0.13180258127023,0.0,0.08435365148551825,51.666666666666686,46.10666666666668,0.0,51.66640286032828,0.0,0.0,0.13180258127023,0.13180258044612225,51.66640286032828,51.66640286032828,51.66640286032828,9.980991816508038,3.750175452161369,0.0,20.000000000000057,6.2502924202689485,0.0,0.0,0.6,1.0,0.15330395721012846,3.750175452161369,24.462352573333334,0.0,0.0,22.222222222222285,0.010000000000000002,0.0,0.0,0.0,0.0,0.0,0.0,1.4314128600129743,20.089514754141273,4.398297866060224,11.84348670854144,9.15,6.529479366362011,0.0,3.0,2579.765775675924,740.8817589784949,-99.14591020491439,1046.235252664355
2018-01-02 13:00:00,0.5835336520328118,0.34106361561969417,0.18537729928815813,0.5835336520328118,0.34106361561969417,0.1853772992881581,0.0,0.4508625986040367,0.1226710534287751,0.010000000000000002,0.16272404918675107,0.0,0.022653250101407053,1.0,0.0,0.3381469489530275,0.0,0.0029166666666666685,0.0,0.0,0.0,0.0,0.0,0.0,0.0,0.06760282476710315,0.05070211857532734,0.0,0.0,0.0,0.0018864564078655075,0.0,0.081586188618042,0.0,0.0391984084028676,0.0,0.3832597738369336,0.28744483037770013,0.5138968109119776,0.0,0.08434944723600285,51.666666666666686,46.10666666666668,0.1315687186765985,51.66589267616936,0.3823561079229057,0.0,0.5138968109119776,0.13179601130625443,51.66589267616936,51.66589267616936,51.66589267616936,9.980991816508038,2.861383073979614,0.0,20.000000000000057,4.768971789966024,0.0,0.0,0.6,1.0,0.11697088681073291,2.861383073979614,24.462352573333334,0.0,0.0,22.222222222222285,0.010000000000000002,0.0,0.0,0.0,0.0,0.0,0.0,1.4308003327468446,20.08947580368829,4.13196566639333,13.525071319277808,9.4,6.529479366362011,0.0,2.5,1920.8956693941964,564.7330035726945,-228.14175602624456,1055.6814900044208
2018-01-02 14:00:00,0.580231428382411,0.3371079528163314,0.12727388802647743,0.580231428382411,0.3371079528163313,0.12727388802647743,0.0,0.4455883815328863,0.12464304684952465,0.010000000000000002,0.12145255034529268,0.0,0.005821337681184756,1.0,0.0,0.3341912861496647,0.0,0.0029166666666666685,0.0,0.0,0.0,0.0,0.0,0.0,0.0,0.06760282476710315,0.05070211857532734,0.0,0.0,0.0,0.0018864564078655075,0.0,0.08291820802405085,0.0,0.039838382417608294,0.0,0.3779855567657832,0.2834891675743373,0.13205905802526582,0.0,0.08435440033112905,51.666666666666686,46.10666666666668,0.0,51.6661477643108,0.0,0.0,0.13205905802526582,0.13180375051738913,51.6661477643108,51.66614776431081,51.6661477643108,9.980991816508038,2.1356540326183855,0.0,20.000000000000057,3.559423387697309,0.0,0.0,0.6,1.0,0.08730370581554303,2.1356540326183855,24.462352573333334,0.0,0.0,22.222222222222285,0.010000000000000002,0.0,0.0,0.0,0.0,0.0,0.0,1.4300457126724666,20.08910235513979,3.822515188158943,13.920862795422627,9.700000000000001,6.529479366362011,0.0,2.0,1407.8902986975438,421.3993416820933,-262.7008652202285,1184.4612068734039
2018-01-02 15:00:00,0.6759618070918955,0.3660077486314026,0.11773821919255634,0.6759618070918954,0.3660077486314026,0.11773821919255631,0.0,0.5041723875662381,0.1617894195256573,0.010000000000000002,0.0862648400263318,0.020050944946589978,0.011422434219634557,1.0,0.0,0.36309108196473594,0.0,0.0029166666666666685,0.0,0.0,0.0,0.0,0.0,0.0,0.0,0.06599323370121975,0.04949492527591479,0.020050944946589978,0.0,0.020050944946589978,0.00205795244494419,0.0,0.10789357188671678,0.0,0.051837895193996335,0.0,0.41812820891842833,0.3135961566888212,0.25912186957921085,0.0,0.08426854735202953,51.666666666666686,46.10666666666668,0.04385570277149397,51.66614780131468,0.12745203597430188,0.0,0.25912186957921085,0.13166960523754612,51.666147801314686,51.666147801314686,51.66614780131468,9.980991816508038,1.5169039509803586,0.0,20.000000000000057,2.5281732516339313,0.0,0.0,0.6,1.0,0.062009732973677754,1.5169039509803586,24.462352573333334,0.0,0.0,22.222222222222285,0.010000000000000002,0.0,0.0,0.0,0.0,0.0,0.0,1.4335079318939552,20.120791107253726,3.4938796825008622,13.863566976003293,8.9,6.529479366362011,0.0,2.5,1242.1707662527067,299.5272264049559,-358.83951680183986,1169.5034369952766
2018-01-02 16:00:00,0.806581108647968,0.403691980447487,0.09525191192170139,0.8065811086479678,0.40369198044748694,0.09525191192170138,0.0,0.5655574438469005,0.23102366480106737,0.010000000000000002,0.058277444233528736,0.031190358805806635,0.005784108882366009,1.0,0.0,0.4007753137808203,0.0,0.0029166666666666685,0.0,0.0,0.0,0.0,0.0,0.0,0.0,0.07082200689886999,0.05311650517415247,0.031190358805806635,0.0,0.031190358805806635,0.0032584247044949674,0.0,0.15384824139402206,0.0,0.07391699870255033,0.0,0.46354507814222395,0.34765880860666787,0.1312145098522048,0.0,0.08397740850673761,51.666666666666686,46.10666666666668,0.0,51.666404228584916,0.0,0.0,0.1312145098522048,0.13121470079177752,51.666404228584916,51.66640422858492,51.666404228584916,9.980991816508038,1.0247661200541651,0.0,20.000000000000057,1.7079435334236084,0.0,0.0,0.6,1.0,0.0418915603878293,1.0247661200541651,24.462352573333334,0.0,0.0,22.222222222222285,0.010000000000000002,0.0,0.0,0.0,0.0,0.0,0.0,1.4428540047962548,20.230358568909438,3.0893499958182122,12.003421578930658,7.25,6.529479366362011,0.0,3.0,766.181767918501,204.09290302591606,-365.92794291631066,643.7327854412266
2018-01-02 17:00:00,0.9436733381748331,0.43313376664383935,0.2033878394977829,0.943673338174833,0.4331337666438393,0.2033878394977829,0.0,0.6270919864938037,0.3065813516810294,0.010000000000000002,0.11307558914881094,0.05346918652423994,0.03684306382473204,1.0,0.0,0.43021709997717267,0.0,0.0029166666666666685,0.0,0.0,0.0,0.0,0.0,0.0,0.0,0.07726037116240361,0.057945278371802696,0.05346918652423994,0.0,0.05346918652423994,0.006345353371911252,0.0,0.20279995456484726,0.0,0.09743604374427088,0.0,0.49636242880716014,0.37227182160537,0.8357976413539103,0.0,0.08393032524405569,51.666666666666686,46.10666666666668,0.24271747349473435,51.665704739814,0.7053694689371418,0.0,0.8357976413539103,0.131141133193837,51.665704739814,51.665704739814,51.665704739814,9.980991816508038,1.9883513130831314,0.0,20.000000000000057,3.3139188551385526,0.0,0.0,0.6,1.0,0.08128209693333642,1.9883513130831314,24.462352573333334,0.0,0.0,22.222222222222285,0.010000000000000002,0.0,0.0,0.0,0.0,0.0,0.0,1.4447249349642985,20.245133656205855,3.1580708525804284,9.408452644584811,5.8500000000000005,6.529479366362011,0.0,3.0,1584.420565936257,395.6917134226039,-320.1844282108406,110.3285064699636
2018-01-02 18:00:00,1.0061077480238967,0.4320320085285642,0.2765003512342096,1.0061077480238967,0.43203200852856416,0.2765003512342096,0.0,0.6389902723044968,0.35711747571939995,0.010000000000000002,0.17752672461680155,0.06683648315529993,0.03213714346210808,1.0,0.0,0.42911534186189754,0.0,0.0029166666666666685,0.0,0.0,0.0,0.0,0.0,0.0,0.0,0.08047955329417043,0.06035966497062781,0.06683648315529993,0.0,0.06683648315529993,0.008403305816855444,0.0,0.23554543162923147,0.0,0.11316873827331299,0.0,0.4916742358550265,0.3687556768912697,0.7290422108557505,0.0,0.08371887473683694,51.666666666666686,46.10666666666668,0.20586969144166303,51.66525864416271,0.5982827847428606,0.0,0.7290422108557505,0.13081074177630772,51.66525864416271,51.66525864416272,51.66525864416271,9.980991816508038,3.1216772661217367,0.0,20.000000000000057,5.202795443536228,0.0,0.0,0.6,1.0,0.1276114902180222,3.1216772661217367,24.462352573333334,0.0,0.0,22.222222222222285,0.010000000000000002,0.0,0.0,0.0,0.0,0.0,0.0,1.447612956841504,20.32443495821442,2.654232097461388,6.600792266855841,3.0500000000000003,6.529479366362011,0.0,4.0,1977.137983795051,-502.5820934524829,-365.0455950690817,0.0
2018-01-02 19:00:00,0.7838857262306121,0.36896412561150876,0.38839349322309286,0.783885726230612,0.3689641256115087,0.38839349322309286,0.0,0.5058863407678696,0.26799938546274255,0.010000000000000002,0.32948759978189723,0.01782306217474665,0.04108283126644902,1.0,0.0,0.3660474589448421,0.0,0.0029166666666666685,0.0,0.0,0.0,0.0,0.0,0.0,0.0,0.07726037116240361,0.057945278371802696,0.01782306217474665,0.0,0.01782306217474665,0.011147242410114366,0.0,0.1734955276326526,0.0,0.08335661541997559,0.0,0.4108029074307193,0.3081021805730394,0.9319782316689159,0.0,0.08406271063868098,51.666666666666686,46.10666666666668,0.275445637635567,51.66462428446801,0.800452733870351,0.0,0.9319782316689159,0.13134798537293904,51.66462428446801,51.66462428446801,51.66462428446801,9.980991816508038,5.7937978179248235,0.0,20.000000000000057,9.656329696541372,0.0,0.0,0.6,1.0,0.23684548738949593,5.7937978179248235,24.462352573333334,0.0,0.0,22.222222222222285,0.010000000000000002,0.0,0.0,0.0,0.0,0.0,0.0,1.4449934826897575,20.194681622209966,1.1843827602989279,3.5728423158322418,0.55,6.529479366362011,0.0,4.0,2287.2670838504105,-567.9074215717943,-328.3192650616019,0.0
2018-01-02 20:00:00,0.7115844311410067,0.35545042581274516,0.5057212199492024,0.7115844311410067,0.3554504258127451,0.5057212199492024,0.0,0.47004501219477146,0.23153941894623523,0.010000000000000002,0.45107940609640523,0.0,0.05464181385279716,1.0,0.0,0.3525337591460785,0.0,0.0029166666666666685,0.0,0.0,0.0,0.0,0.0,0.0,0.0,0.07565078009652021,0.05673808507239014,0.0,0.0,0.0,0.015606139374160109,0.0,0.14585612495796896,0.0,0.07007715461410616,0.0,0.39439423209825125,0.29579567407368834,1.2395684396586537,0.0,0.08428798894596214,51.666666666666686,46.10666666666668,0.3810410690267547,51.66360056186753,1.1072817093640408,0.0,1.2395684396586537,0.13169998272806582,51.66360056186753,51.66360056186755,51.66360056186753,9.980991816508038,7.931900564640816,0.0,20.000000000000057,13.219834274401359,0.0,0.0,0.6,1.0,0.3242492945379041,7.931900564640816,24.462352573333334,0.0,0.0,22.222222222222285,0.010000000000000002,0.0,0.0,0.0,0.0,0.0,0.0,1.437915568937776,20.10873849413132,0.08049737869158813,1.5071803756393134,-0.85,6.529479366362011,0.0,4.0,3096.469891278706,-1160.9011665534038,-285.901884365329,0.0
2018-01-02 21:00:00,0.5253704621244262,0.30457768842666577,0.5449265520085355,0.5253704621244262,0.30457768842666577,0.5449265520085355,0.0,0.40221469567999896,0.1131557664444272,0.010000000000000002,0.5110700669147158,0.0,0.03385648509381964,1.0,0.0,0.3016610217599991,0.0,0.0029166666666666685,0.0,0.0,0.0,0.0,0.0,0.0,0.0,0.07404118903063679,0.05553089177297758,0.0,0.0,0.0,0.018007083893261663,0.0,0.06426993633992698,0.0,0.030878746211238556,0.0,0.3281735066493621,0.24613012998702152,0.768046070233522,0.0,0.0843565758517345,51.666666666666686,46.10666666666668,0.2192785140982505,51.66614777028865,0.6372601798715095,0.0,0.768046070233522,0.13180714976833516,51.66614777028865,51.66614777028865,51.66614777028865,9.980991816508038,8.986792341979541,0.0,20.000000000000057,14.977987236632567,0.0,0.0,0.6,1.0,0.3673723659668015,8.986792341979541,24.462352573333334,0.0,0.0,22.222222222222285,0.010000000000000002,0.0,0.0,0.0,0.0,0.0,0.0,1.4352558216233682,20.08604026253294,-0.7457615424827445,-0.13938628458056426,-1.4000000000000001,6.529479366362011,0.0,4.0,3631.163264986107,-523.7720998631459,-187.47913161863826,0.0
2018-01-02 22:00:00,0.4443327856779005,0.2760119755167196,0.5251001131694716,0.44433278567790047,0.27601197551671963,0.5251001131694715,0.0,0.36412707846673736,0.07020570721116312,0.010000000000000002,0.5136240949398524,0.0,0.011476018229619203,1.0,0.0,0.2730953088500529,0.0,0.0029166666666666685,0.0,0.0,0.0,0.0,0.0,0.0,0.0,0.07082200689886999,0.05311650517415247,0.0,0.0,0.0,0.015606139374160109,0.0,0.03688028730387,0.0,0.017719280533133007,0.0,0.2933050715678674,0.21997880367590048,0.2603374413723848,0.0,0.08439308959359794,51.666666666666686,46.10666666666668,0.04385570292067378,51.66512728910606,0.1274520359743019,0.0,0.2603374413723848,0.13186420248999678,51.66512728910606,51.66512728910607,51.66512728910606,9.980991816508038,9.031703051847682,0.0,20.000000000000057,15.052838419746138,0.0,0.0,0.6,1.0,0.36920827728127975,9.031703051847682,24.462352573333334,0.0,0.0,22.222222222222285,0.010000000000000002,0.0,0.0,0.0,0.0,0.0,0.0,1.4389895469340745,20.073641493615686,0.13052926143376128,-0.5651553934551043,-0.25000000000000006,6.529479366362011,0.0,4.0,4065.907043389843,170.37795422533517,-86.61092828102245,0.0
2018-01-02 23:00:00,0.3837021179617263,0.25678750344966184,0.5333620439818502,0.3837021179617262,0.25678750344966184,0.5333620439818503,0.0,0.3384944490439936,0.03520766891773262,0.010000000000000002,0.527547034428511,0.0,0.005815009553339236,1.0,0.0,0.25387083678299516,0.0,0.0029166666666666685,0.0,0.0,0.0,0.0,0.0,0.0,0.0,0.06599323370121975,0.04949492527591479,0.0,0.0,0.0,0.010804250335956998,0.0,0.016483740149359508,0.0,0.007919678432416108,0.0,0.2725012153427739,0.20437591150708034,0.1319155022571399,0.0,0.08442592266277182,51.666666666666686,46.10666666666668,0.0,51.66640263703447,0.0,0.0,0.1319155022571399,0.13191550416058095,51.66640263703447,51.66640263703448,51.66640263703447,9.980991816508038,9.276527732600119,0.0,20.000000000000057,15.460879554333532,0.0,0.0,0.6,1.0,0.37921650032599724,9.276527732600119,24.462352573333334,0.0,0.0,22.222222222222285,0.010000000000000002,0.0,0.0,0.0,0.0,0.0,0.0,1.4406174051199254,20.06246058655238,1.1822619619594,-0.23703408624088126,0.3,6.529479366362011,0.0,4.0,4339.228873214367,-412.8560845658644,-65.15781013455015,0.0
2018-01-03 00:00:00,0.3791770942655053,0.2555803101502493,0.5705112087891123,0.3791770942655052,0.2555803101502493,0.5705112087891122,0.0,0.33688485797811024,0.03229223628739501,0.010000000000000002,0.559077911956151,0.0,0.0114332968329613,1.0,0.0,0.2526636434835826,0.0,0.0029166666666666685,0.0,0.0,0.0,0.0,0.0,0.0,0.0,0.06438364263533634,0.04828773197650224,0.0,0.0,0.0,0.007888817705619396,0.0,0.016483740149359508,0.0,0.007919678432416108,0.0,0.2725012153427739,0.20437591150708034,0.25936829171827674,0.0,0.08442640424911836,51.666666666666686,46.10666666666668,0.04385570303043113,51.6661475367083,0.12745203597430188,0.0,0.25936829171827674,0.13191625663924744,51.6661475367083,51.66614753670831,51.6661475367083,9.950935228855258,9.830975091280147,0.0,20.000000000000057,16.384958485466914,0.0,0.0,0.6,1.0,0.40188183298433017,9.830975091280147,24.462352573333334,0.0,0.0,22.222222222222285,0.010000000000000002,0.0,0.0,0.0,0.0,0.0,0.0,1.4359781623322638,20.061698689468233,0.6283304218308449,-0.15206342102460488,-0.3,6.529479366362011,0.0,4.0,4484.525151849129,-591.8433166528685,-93.26785710060774,0.0
2018-01-03 01:00:00,0.3775675031996218,0.2543731168508367,0.5956963668512345,0.37756750319962185,0.2543731168508367,0.5956963668512345,0.0,0.3352752669122268,0.03229223628739501,0.010000000000000002,0.5898811624581469,0.0,0.005815204393087564,1.0,0.0,0.25145645018417,0.0,0.0029166666666666685,0.0,0.0,0.0,0.0,0.0,0.0,0.0,0.06277405156945293,0.04708053867708969,0.0,0.0,0.0,0.007888817705619396,0.0,0.016483740149359508,0.0,0.007919678432416108,0.0,0.2725012153427739,0.20437591150708034,0.13191992226419658,0.0,0.08442875045289668,51.666666666666686,46.10666666666668,0.0,51.666402626607244,0.0,0.0,0.13191992226419658,0.1319199225826511,51.666402626607244,51.66640262660726,51.666402626607244,9.920878641202478,10.372627662307378,0.0,20.000000000000057,17.287712770512297,0.0,0.0,0.5999999999999999,1.0,0.42402412569323716,10.372627662307378,24.462352573333334,0.0,0.0,22.222222222222285,0.010000000000000002,0.0,0.0,0.0,0.0,0.0,0.0,1.4333839280642087,20.06140202387135,0.2737047039288001,-0.4832806325664265,-0.6,6.529479366362011,0.0,4.0,4596.47645707685,-459.21640329885525,-88.46715942715967,0.0
2018-01-03 02:00:00,0.3759579121337384,0.25316592355142414,0.6205707130681625,0.3759579121337384,0.2531659235514241,0.6205707130681625,0.0,0.33366567584634343,0.03229223628739501,0.010000000000000002,0.6147554667125488,0.0,0.005815246355613768,1.0,0.0,0.25024925688475746,0.0,0.0029166666666666685,0.0,0.0,0.0,0.0,0.0,0.0,0.0,0.06116446050356953,0.04587334537767714,0.0,0.0,0.0,0.007888817705619396,0.0,0.016483740149359508,0.0,0.007919678432416108,0.0,0.2725012153427739,0.20437591150708034,0.13192087419861206,0.0,0.08442935969092309,51.666666666666686,46.10666666666668,0.0,51.66640262470193,0.0,0.0,0.13192087419861206,0.13192087451706735,51.66640262470193,51.66640262470194,51.66640262470193,9.920878641202478,10.810024061464581,0.0,20.000000000000057,18.01670676910764,0.0,0.0,0.6,1.0,0.4419045154818307,10.810024061464581,24.462352573333334,0.0,0.0,22.222222222222285,0.010000000000000002,0.0,0.0,0.0,0.0,0.0,0.0,1.43086934202313,20.061173960220525,0.14730719186044705,-0.6546250483151659,-0.85,6.529479366362011,0.0,4.0,4694.597737083897,-701.6668580768218,-87.8622858067592,0.0
2018-01-03 03:00:00,0.37434832106785504,0.2519587302520116,0.6458053167308596,0.374348321067855,0.2519587302520116,0.6458053167308596,0.0,0.33205608478046,0.03229223628739501,0.010000000000000002,0.6399900284127195,0.0,0.005815288318140093,1.0,0.0,0.2490420635853449,0.0,0.0029166666666666685,0.0,0.0,0.0,0.0,0.0,0.0,0.0,0.05955486943768611,0.04466615207826457,0.0,0.0,0.0,0.007888817705619396,0.0,0.016483740149359508,0.0,0.007919678432416108,0.0,0.2725012153427739,0.20437591150708034,0.1319218261330303,0.0,0.08442996892894976,51.666666666666686,46.10666666666668,0.0,51.66640262279662,0.0,0.0,0.1319218261330303,0.131921826451484,51.66640262279662,51.666402622796625,51.66640262279662,9.920878641202478,11.253755323616838,0.0,20.000000000000057,18.756258872694733,0.0,0.0,0.6,1.0,0.4600438690383637,11.253755323616838,24.462352573333334,0.0,0.0,22.222222222222285,0.010000000000000002,0.0,0.0,0.0,0.0,0.0,0.0,1.427440987060745,20.060945896569702,-0.3527409935338997,-1.0488907119977344,-1.4000000000000001,6.529479366362011,0.0,4.0,4782.592079340368,-881.0921114411584,-121.68597683324752,0.0
2018-01-03 04:00:00,0.3727387300019716,0.25075153695259905,0.7051822683172483,0.3727387300019716,0.25075153695259905,0.7051822683172483,0.0,0.3304464937145766,0.03229223628739501,0.010000000000000002,0.665577265304976,0.0,0.03960500301227246,1.0,0.0,0.2478348702859324,0.0,0.0029166666666666685,0.0,0.0,0.0,0.0,0.0,0.0,0.0,0.05794527837180271,0.04345895877885201,0.0,0.0,0.0,0.007888817705619396,0.0,0.016483740149359508,0.0,0.007919678432416108,0.0,0.2725012153427739,0.20437591150708034,0.8984531867637798,0.0,0.08442263750544159,51.666666666666686,46.10666666666668,0.2637491781810461,51.66588975440399,0.767567080171084,0.0,0.8984531867637798,0.13191037110225245,51.66588975440399,51.66588975440399,51.66588975440399,9.920878641202478,11.703688120393444,0.0,20.000000000000057,19.50614686732241,0.0,0.0,0.6,1.0,0.47843673601335285,11.703688120393444,24.462352573333334,0.0,0.0,22.222222222222285,0.010000000000000002,0.0,0.0,0.0,0.0,0.0,0.0,1.4255188372520198,20.060717490006827,-0.7123928365460918,-1.505176851599768,-1.7,6.529479366362011,0.0,4.0,4871.839368968266,-749.8873457673235,-106.9679448410999,0.0
2018-01-03 05:00:00,0.41812008961095465,0.27345997156449686,0.6972642468996707,0.4181200896109546,0.27345997156449686,0.6972642468996707,0.0,0.3607244065304403,0.04739568308051426,0.010000000000000002,0.6810399800733237,0.0,0.016224266826346975,1.0,0.0,0.2705433048978302,0.0,0.0029166666666666685,0.0,0.0,0.0,0.0,0.0,0.0,0.0,0.05794527837180271,0.04345895877885201,0.0,0.0,0.0,0.006345353371911252,0.0,0.027728203968417537,0.0,0.013322125740185478,0.0,0.30277912815863767,0.22708434611897818,0.36805310249617706,0.0,0.08441205852008483,51.666666666666686,46.10666666666668,0.08079243948284619,51.66490863043365,0.23513498582705739,0.0,0.36805310249617706,0.13189384143763258,51.664908630433665,51.664908630433665,51.66490863043365,9.920878641202478,11.97558862027068,0.0,20.000000000000057,19.9593143671178,0.0,0.0,0.6,1.0,0.48955179532999593,11.97558862027068,24.462352573333334,0.0,0.0,22.222222222222285,0.010000000000000002,0.0,0.0,0.0,0.0,0.0,0.0,1.4267865064021932,20.06604762645669,-0.48734191375843494,-1.641561328114318,-1.4000000000000001,6.529479366362011,0.0,3.8333333333333335,4962.855012825522,-439.99918484038386,-48.85838233892827,0.0
2018-01-03 06:00:00,0.4688129546077257,0.2865692983353771,0.7039551338807871,0.4688129546077256,0.2865692983353771,0.7039551338807871,0.0,0.378203508891614,0.08060944571611166,0.010000000000000002,0.6724241991204657,0.0,0.031530934760321434,1.0,0.0,0.2836526316687104,0.0,0.0029166666666666685,0.0,0.0,0.0,0.0,0.0,0.0,0.0,0.06116446050356953,0.04587334537767714,0.0,0.0,0.0,0.006002361297753889,0.0,0.05039473419400146,0.0,0.024212350224356315,0.0,0.3170390483880445,0.2377792862910333,0.715290156859053,0.0,0.08439125821446514,51.666666666666686,46.10666666666668,0.2005917463304164,51.66558859064202,0.5837834130878669,0.0,0.715290156859053,0.13186134096010174,51.66558859064202,51.665588590642024,51.66558859064202,9.920878641202478,11.824086430454036,0.0,20.000000000000057,19.706810717423394,0.0,0.0,0.6,1.0,0.48335851570317057,11.824086430454036,24.462352573333334,0.0,0.0,22.222222222222285,0.010000000000000002,0.0,0.0,0.0,0.0,0.0,0.0,1.425928078849191,20.0729563443829,-0.08567500537129684,-1.3446535008561933,-1.1,6.529479366362011,0.0,3.0,5014.362193652749,-590.6249709696398,-48.65784902425205,0.0
2018-01-03 07:00:00,0.47364043180206017,0.29118127538051486,0.6726799665124096,0.47364043180206017,0.29118127538051486,0.6726799665124096,0.0,0.3843528116184644,0.07928762018359574,0.010000000000000002,0.661007817472225,0.0,0.011672149040184524,1.0,0.0,0.2882646087138482,0.0,0.0029166666666666685,0.0,0.0,0.0,0.0,0.0,0.0,0.0,0.06438364263533634,0.04828773197650224,0.0,0.0,0.0,0.0058308652606752056,0.0,0.04961772287382962,0.0,0.023839032049090905,0.0,0.31996916898312805,0.23997687673734594,0.26478673662228974,0.0,0.08439337457867442,51.666666666666686,46.10666666666668,0.04555253518648437,51.665783090840115,0.13256748338870308,0.0,0.26478673662228974,0.1318646477791788,51.665783090840115,51.66578309084013,51.665783090840115,9.920878641202478,11.623337731182934,0.0,20.000000000000057,19.372229551971557,0.0,0.0,0.6,1.0,0.47515208099214684,11.623337731182934,24.462352573333334,0.0,0.0,22.222222222222285,0.010000000000000002,0.0,0.0,0.0,0.0,0.0,0.0,1.4260268260714444,20.073856309345448,0.05110586196671949,-1.1136826276402483,-0.8500000000000001,6.529479366362011,0.0,2.5,5008.1303296240785,-325.00073005526855,-42.938874631191204,52.9514209806491
2018-01-03 08:00:00,0.5488641696428042,0.31282605983063544,0.5952399680351083,0.548864169642804,0.31282605983063544,0.5952399680351083,0.0,0.42992164500745017,0.10894252463535392,0.010000000000000002,0.5727279238516159,0.016709120788824982,0.0058029233946674435,1.0,0.0,0.30990939316396876,0.0,0.0029166666666666685,0.0,0.0,0.0,0.0,0.0,0.0,0.0,0.06599323370121975,0.04949492527591479,0.016709120788824982,0.0,0.016709120788824982,0.005659369223596524,0.0,0.06976451638971347,0.0,0.033518639022043925,0.0,0.3472192905174054,0.260414467888054,0.13164132356888075,0.0,0.08425044618854229,51.666666666666686,46.10666666666668,0.0,51.66640318251527,0.0,0.0,0.13164132356888075,0.1316413221695973,51.66640318251527,51.666403182515275,51.66640318251527,9.920878641202478,10.071000540453175,0.0,20.000000000000057,16.785000900755293,0.0,0.0,0.5999999999999999,1.0,0.411693867556781,10.071000540453175,24.462352573333334,0.0,0.0,22.222222222222285,0.010000000000000002,0.0,0.0,0.0,0.0,0.0,0.0,1.4332629914512902,20.128148876769135,0.7964396042832577,-0.3790557914322173,1.3499999999999999,6.529479366362011,0.0,1.5,4931.420615325465,635.1000167142787,102.80686870437971,331.6812630524454
2018-01-03 09:00:00,0.5860299942156331,0.33150557862429336,0.4921275130037103,0.5860299942156331,0.33150557862429336,0.49212751300371027,0.0,0.43811854927683563,0.13791144493879737,0.010000000000000002,0.469429555469752,0.0,0.022697957533958323,1.0,0.0,0.3285889119576267,0.0,0.0029166666666666685,0.0,0.0,0.0,0.0,0.0,0.0,0.0,0.06599323370121975,0.04949492527591479,0.0,0.0,0.0,0.004801889038203111,0.0,0.08991130990559731,0.0,0.04319824599499695,0.0,0.37212531557561596,0.27909398668171187,0.5149110144769986,0.0,0.08435433080170711,51.666666666666686,46.10666666666668,0.1316375656829287,51.66563655276132,0.3831078648389125,0.0,0.5149110144769986,0.13180364187766735,51.66563655276132,51.66563655276132,51.66563655276132,9.920878641202478,8.254574484594912,0.0,20.000000000000057,13.757624140991519,0.0,0.0,0.6,1.0,0.3374399277358675,8.254574484594912,24.462352573333334,0.0,0.0,22.222222222222285,0.010000000000000002,0.0,0.0,0.0,0.0,0.0,0.0,1.4389798751359806,20.08751242667782,3.9389533029778416,2.4356307153342582,4.45,6.529479366362011,0.0,2.0,4486.511174579672,1466.0472213566627,170.31347903184405,720.7721796982609
2018-01-03 10:00:00,0.49447137667307306,0.29916585400211765,0.3991039437088957,0.49447137667307306,0.2991658540021176,0.3991039437088957,0.0,0.3949989164472681,0.08947246022580496,0.010000000000000002,0.3820337230703308,0.0,0.01707022063856494,1.0,0.0,0.29624918733545097,0.0,0.0029166666666666685,0.0,0.0,0.0,0.0,0.0,0.0,0.0,0.06438364263533634,0.04828773197650224,0.0,0.0,0.0,0.003772912815731015,0.0,0.057887343352801233,0.0,0.027812204057272725,0.0,0.33061527381193173,0.24796145535894873,0.3872438572148847,0.0,0.08437639836266254,51.666666666666686,46.10666666666668,0.08775891651737512,51.66589110014664,0.2554052432259417,0.0,0.3872438572148847,0.13183812244166024,51.66589110014664,51.665891100146645,51.66589110014664,9.920878641202478,6.717782862128182,0.0,20.000000000000057,11.196304770213638,0.0,0.0,0.6,1.0,0.27461720380284715,6.717782862128182,24.462352573333334,0.0,0.0,22.222222222222285,0.010000000000000002,0.0,0.0,0.0,0.0,0.0,0.0,1.439994336344232,20.079833854969525,5.579249141251355,5.70726169558858,5.849999999999999,6.529479366362011,0.0,1.1666666666666667,3748.886333450008,1321.9609523919064,-30.289890596999225,1051.0183986254021
2018-01-03 11:00:00,0.6314045259272925,0.3346935662175062,0.330865918566303,0.6314045259272925,0.33469356621750623,0.330865918566303,0.0,0.49361050315351607,0.12779402277377633,0.010000000000000002,0.2738353964308092,0.05124130375239661,0.00578921838309715,1.0,0.0,0.33177689955083955,0.0,0.0029166666666666685,0.0,0.0,0.0,0.0,0.0,0.0,0.0,0.06438364263533634,0.04828773197650224,0.05124130375239661,0.0,0.05124130375239661,0.0025724405561802378,0.0,0.08458323228156191,0.0,0.040638349936034164,0.0,0.3779855567657832,0.2834891675743373,0.13133042064290068,0.0,0.08405129300965436,51.666666666666686,46.10666666666668,0.0,51.666403531654474,0.0,0.0,0.13133042064290068,0.13133014532758494,51.666403531654474,51.66640353165448,51.666403531654474,9.920878641202478,4.815194633611731,0.0,20.000000000000057,8.025324389352885,0.0,0.0,0.6,1.0,0.1968410282362141,4.815194633611731,24.462352573333334,0.0,0.0,22.222222222222285,0.010000000000000002,0.0,0.0,0.0,0.0,0.0,0.0,1.4438343840065884,20.202700222440892,5.906013041218721,8.790377583557333,6.3999999999999995,6.529479366362011,0.0,2.0,3249.0091670454567,939.9550723197793,-204.48364545482477,1259.368360793084
2018-01-03 12:00:00,0.5846911447802653,0.34106361561969417,0.37777084655814336,0.5846911447802652,0.34106361561969417,0.3777708465581433,0.0,0.4508625986040367,0.12382854617622857,0.010000000000000002,0.3101037621836495,0.0,0.06766708437449388,1.0,0.0,0.3381469489530275,0.0,0.0029166666666666685,0.0,0.0,0.0,0.0,0.0,0.0,0.0,0.06760282476710315,0.05070211857532734,0.0,0.0,0.0,0.00205795244494419,0.0,0.08225219832104642,0.0,0.039518395410237946,0.0,0.3832597738369336,0.28744483037770013,1.53505120493082,0.0,0.08427134443473971,51.666666666666686,46.10666666666668,0.48224425044085506,51.66359448808026,1.4033774872494202,0.0,1.53505120493082,0.1316739756792808,51.66359448808026,51.663594488080264,51.66359448808026,9.920878641202478,5.452947248573875,0.0,20.000000000000057,9.088245414289792,0.0,0.0,0.5999999999999999,1.0,0.22291180834823668,5.452947248573875,24.462352573333334,0.0,0.0,22.222222222222285,0.010000000000000002,0.0,0.0,0.0,0.0,0.0,0.0,1.4446784392032306,20.1139216965079,5.846875480369399,10.482598813927313,6.1499999999999995,6.529479366362011,0.0,2.0,2011.8724053537233,1067.5566610881638,-657.980951700992,1336.8871889685477
2018-01-03 13:00:00,0.5835336520328118,0.34106361561969417,0.3573132889188629,0.5835336520328118,0.34106361561969417,0.3573132889188629,0.0,0.4508625986040367,0.1226710534287751,0.010000000000000002,0.34587405687105505,0.0,0.011439232047807764,1.0,0.0,0.3381469489530275,0.0,0.0029166666666666685,0.0,0.0,0.0,0.0,0.0,0.0,0.0,0.06760282476710315,0.05070211857532734,0.0,0.0,0.0,0.0018864564078655075,0.0,0.081586188618042,0.0,0.0391984084028676,0.0,0.3832597738369336,0.28744483037770013,0.2595029341191693,0.0,0.08435219818554285,51.666666666666686,46.10666666666668,0.04387865228304747,51.66614726349286,0.12770262161297083,0.0,0.2595029341191693,0.13180030966491071,51.66614726349286,51.66614726349287,51.66614726349286,9.920878641202478,6.081941649102466,0.0,20.000000000000057,10.136569415170777,0.0,0.0,0.6,1.0,0.248624560163214,6.081941649102466,24.462352573333334,0.0,0.0,22.222222222222285,0.010000000000000002,0.0,0.0,0.0,0.0,0.0,0.0,1.4444069028606112,20.089476023075694,5.777988987285639,10.006085995190244,5.1,6.529479366362011,0.0,2.0,1632.4088911520082,510.659080111146,-913.8392753549197,1425.3184713462026
2018-01-03 14:00:00,0.580231428382411,0.3371079528163314,0.3452039895823708,0.580231428382411,0.3371079528163313,0.34520398958237075,0.0,0.4455883815328863,0.12464304684952465,0.010000000000000002,0.32815800008905366,0.0,0.01704598949331715,1.0,0.0,0.3341912861496647,0.0,0.0029166666666666685,0.0,0.0,0.0,0.0,0.0,0.0,0.0,0.06760282476710315,0.05070211857532734,0.0,0.0,0.0,0.0018864564078655075,0.0,0.08291820802405085,0.0,0.039838382417608294,0.0,0.3779855567657832,0.2834891675743373,0.38669416530701967,0.0,0.08435234606071168,51.666666666666686,46.10666666666668,0.08775730453765752,51.66640285828803,0.2554052432259416,0.0,0.38669416530701967,0.131800540719862,51.66640285828803,51.666402858288045,51.66640285828803,9.920878641202478,5.770417782365944,0.0,20.000000000000057,9.617362970609907,0.0,0.0,0.6,1.0,0.2358897315811046,5.770417782365944,24.462352573333334,0.0,0.0,22.222222222222285,0.010000000000000002,0.0,0.0,0.0,0.0,0.0,0.0,1.4419164015140706,20.089102575366386,4.345336828948683,8.549577648465279,3.4499999999999997,6.529479366362011,0.0,2.0,1233.6383480876214,-533.0895646119604,-868.231718308417,1492.4220561826912
2018-01-03 15:00:00,0.5997877587186716,0.344251603212907,0.34026681697393335,0.5997877587186716,0.344251603212907,0.34026681697393335,0.0,0.45511324872832054,0.13467450999035108,0.010000000000000002,0.3175470436694629,0.0,0.02271977330447048,1.0,0.0,0.3413349365462403,0.0,0.0029166666666666685,0.0,0.0,0.0,0.0,0.0,0.0,0.0,0.06599323370121975,0.04949492527591479,0.0,0.0,0.0,0.00205795244494419,0.0,0.0895783050540951,0.0,0.043038252491311775,0.0,0.3891200150271008,0.2918400112703255,0.51540591277387,0.0,0.08434364064997664,51.666666666666686,46.10666666666668,0.13164078318424124,51.66512541137544,0.3831078648389125,0.0,0.51540591277387,0.1317869385155885,51.66512541137544,51.66512541137545,51.66512541137544,9.920878641202478,5.583831895095481,0.0,20.000000000000057,9.306386491825803,0.0,0.0,0.6,1.0,0.22826226048194867,5.583831895095481,24.462352573333334,0.0,0.0,22.222222222222285,0.010000000000000002,0.0,0.0,0.0,0.0,0.0,0.0,1.4357110440559888,20.09124954431287,1.8965694046839188,6.699573804597336,0.9999999999999999,6.529479366362011,0.0,3.0,1127.981931424945,-1308.7286571128539,-830.5961863850508,1150.6804588869654
2018-01-03 16:00:00,0.7442142309889858,0.3797382445826787,0.3828259228556203,0.7442142309889859,0.37973824458267863,0.3828259228556202,0.0,0.5369609535182545,0.1972532774707314,0.010000000000000002,0.3425035412238673,0.03453218296357163,0.0057901986681813435,1.0,0.0,0.376821577916012,0.0,0.0029166666666666685,0.0,0.0,0.0,0.0,0.0,0.0,0.0,0.07082200689886999,0.05311650517415247,0.03453218296357163,0.0,0.03453218296357163,0.0032584247044949674,0.0,0.13103740906612052,0.0,0.06295744370011593,0.0,0.4316067636558128,0.3237050727418595,0.13135265874896918,0.0,0.0840653028272167,51.666666666666686,46.10666666666668,0.0,51.666403140364544,0.0,0.0,0.13135265874896918,0.1313520356675261,51.666403140364544,51.666403140364544,51.666403140364544,9.920878641202478,6.022673603158143,0.0,20.000000000000057,10.037789338596905,0.0,0.0,0.6,1.0,0.2462017332594381,6.022673603158143,24.462352573333334,0.0,0.0,22.222222222222285,0.010000000000000002,0.0,0.0,0.0,0.0,0.0,0.0,1.427355771065675,20.197455573213603,-0.7041482328126584,3.843854064296248,-1.6500000000000001,6.529479366362011,0.0,3.5,1613.6188647265142,-2086.8076592956922,-705.1330300842675,555.2739330206665
2018-01-03 17:00:00,1.3828410057579135,0.5033307164897499,0.5135122349274907,1.3828410057579132,0.5033307164897499,0.5135122349274907,0.0,1.066259654076884,0.3065813516810294,0.010000000000000002,0.46754447287399953,0.0,0.04596776205349117,1.0,0.0,0.5004140498230832,0.0,0.0029166666666666685,0.0,0.0,0.0,0.0,0.0,0.4926368541073202,0.07019694984591061,0.07726037116240361,0.057945278371802696,0.0,0.0,0.0,0.006345353371911252,0.0,0.20279995456484726,0.0,0.09743604374427088,0.0,0.49636242880716014,0.37227182160537,1.042794575537859,0.0,0.08418080850155141,51.666666666666686,46.10666666666668,0.3131220149451156,51.664579803055034,0.9112623738370416,0.0,1.042794575537859,0.13153251328367407,51.66457980305504,51.66457980305504,51.664579803055034,9.920878641202478,8.221426689542508,0.0,20.000000000000057,13.70237781590418,0.0,0.0,0.6,1.0,0.33608487429392914,8.221426689542508,24.462352573333334,0.0,0.0,22.222222222222285,0.010000000000000002,0.0,0.0,0.0,0.0,0.0,0.0,1.4120107273118754,20.150058899094905,-3.2824725003084083,0.5768399085297736,-4.3999999999999995,6.529479366362011,0.0,4.0,2380.7483317482834,-2755.6818730302366,-535.7248167636807,21.362698985500987
2018-01-03 18:00:00,1.035136665925437,0.4610402024198918,0.6063864215267135,1.035136665925437,0.46104020241989174,0.6063864215267134,0.0,0.6108313810043003,0.41430528492113666,0.010000000000000002,0.5641781587084707,0.0,0.04220826281824281,1.0,0.0,0.4581235357532251,0.0,0.0029166666666666685,0.0,0.0,0.0,0.0,0.0,0.0,0.0,0.08047955329417043,0.06035966497062781,0.0,0.0,0.0,0.008403305816855444,0.0,0.27417399440348805,0.0,0.13172798470079317,0.0,0.5303518277101299,0.3977638707825973,0.9575090355393338,0.0,0.08418252113245744,51.666666666666686,46.10666666666668,0.28399423142404195,51.66527726668079,0.8265024188204534,0.0,0.9575090355393338,0.13153518926946475,51.66527726668079,51.665277266680796,51.66527726668079,9.920878641202478,9.920659190238737,0.0,20.000000000000057,16.534431983731228,0.0,0.0,0.6,1.0,0.4055480420576291,9.920659190238737,24.462352573333334,0.0,0.0,22.222222222222285,0.010000000000000002,0.0,0.0,0.0,0.0,0.0,0.0,1.403172318361296,20.150077862724473,-4.922219858286094,-2.3192152563327983,-5.699999999999999,6.529479366362011,0.0,3.3333333333333335,3341.5705982593845,-2029.8368630343027,-322.8910008908583,0.0
2018-01-03 19:00:00,1.1057323381849018,0.4640465389219713,0.6621756103950186,1.1057323381849018,0.4640465389219713,0.6621756103950186,0.0,0.6148398296737396,0.48089250851116216,0.010000000000000002,0.6352685779693505,0.0,0.026907032425668057,1.0,0.0,0.4611298722553046,0.0,0.0029166666666666685,0.0,0.0,0.0,0.0,0.0,0.0,0.0,0.07726037116240361,0.057945278371802696,0.0,0.0,0.0,0.011147242410114366,0.0,0.31729812267302454,0.0,0.15244714342802315,0.0,0.537579458511336,0.4031845938835019,0.6103953336831403,0.0,0.08415256672532784,51.666666666666686,46.10666666666668,0.16437082183505058,51.664917574374044,0.47837807461366855,0.0,0.6103953336831403,0.13148838550832473,51.664917574374044,51.664917574374044,51.664917574374044,9.920878641202478,11.170732079967188,0.0,20.000000000000057,18.617886799945314,0.0,0.0,0.6,1.0,0.45664995001930103,11.170732079967188,24.462352573333334,0.0,0.0,22.222222222222285,0.010000000000000002,0.0,0.0,0.0,0.0,0.0,0.0,1.3963027993790245,20.162332675375193,-5.222782718092369,-3.592792869264688,-6.3999999999999995,6.529479366362011,0.0,3.8333333333333335,4167.487818176301,-2761.8275312644832,-233.10247104098744,0.0
2018-01-03 20:00:00,1.2294143754984612,0.4911617438379455,0.8421822469187675,1.229414375498461,0.4911617438379455,0.8421822469187676,0.0,0.8288008206117627,0.39061355488669847,0.010000000000000002,0.7164487421140301,0.10654983447073389,0.019183670334003672,1.0,0.0,0.4882450771712788,0.0,0.0029166666666666685,0.02251973880836343,0.026328492105324886,0.23504923839174108,0.0334927025072105,0.10654983447073389,0.0,0.0,0.07565078009652021,0.05673808507239014,0.0,0.0,0.0,0.015606139374160109,0.0,0.2533056903760161,0.0,0.12170172513652226,0.0,0.4955810633151379,0.3716857974863534,0.4351881942811759,0.0,0.08407282478665894,51.666666666666686,46.10666666666668,0.10444746542132001,51.66594416550041,0.3039733647319938,0.0,0.4351881942811759,0.13136378872915458,51.66594416550043,51.66594416550043,51.66594416550041,9.920878641202478,12.598225734331002,0.0,20.000000000000057,20.997042890551672,0.0,0.0,0.6,1.0,0.5150046667246739,12.598225734331002,24.462352573333334,0.0,0.0,22.222222222222285,0.010000000000000002,0.0,0.0,0.0,0.0,0.0,0.0,1.3817772370692578,20.193330004929493,-6.693634280922946,-4.781609735284791,-8.0,6.529479366362011,0.0,3.6666666666666665,4946.6444495827855,-3179.2001611984983,-252.1284038800354,0.0
2018-01-03 21:00:00,0.9595039275576417,0.4947825379512764,0.8738989049725358,0.9595039275576418,0.4947825379512763,0.8738989049725356,0.0,0.6243588683826387,0.32514505917500325,0.010000000000000002,0.8107484668387491,0.0,0.06315043813378665,1.0,0.0,0.49186587128460973,0.0,0.0029166666666666685,0.05629934702090857,0.06582123026331221,0.0,0.0,0.0,0.0,0.0,0.07404118903063679,0.05553089177297758,0.0,0.0,0.0,0.018007083893261663,0.0,0.20746202248587822,0.0,0.09967595279586332,0.0,0.4940183323310932,0.37051374924831987,1.4325895233298718,0.0,0.0841725792566812,51.666666666666686,46.10666666666668,0.4470772762135677,51.66381640853337,1.3010870154715535,0.0,1.4325895233298718,0.13151965508856436,51.66381640853337,51.663816408533386,51.66381640853337,9.920878641202478,14.256417240483723,0.0,20.000000000000057,23.760695400806203,0.0,0.0,0.6,1.0,0.5827901138186027,14.256417240483723,24.462352573333334,0.0,0.0,22.222222222222285,0.010000000000000002,0.0,0.0,0.0,0.0,0.0,0.0,1.3672127690634965,20.151369226884878,-8.010077184429951,-6.225548231370273,-9.35,6.529479366362011,0.0,4.0,5201.640044227174,-3262.9848355766794,-265.34482789913324,0.0
2018-01-03 22:00:00,0.5970863029412695,0.32282065202317994,0.9546025974110591,0.5970863029412694,0.32282065202317994,0.954602597411059,0.0,0.42653864714201783,0.16054765579925162,0.010000000000000002,0.9089801593809469,0.0,0.04562243803011215,1.0,0.0,0.31990398535651327,0.0,0.0029166666666666685,0.0,0.0,0.0,0.0,0.0,0.0,0.0,0.07082200689886999,0.05311650517415247,0.0,0.0,0.0,0.015606139374160109,0.0,0.09790342634165039,0.0,0.04703809008344112,0.0,0.3557166402431478,0.2667874801823608,1.0349607806717198,0.0,0.08431180830690933,51.666666666666686,46.10666666666668,0.31030782012289965,51.66442965798481,0.9030575956170677,0.0,1.0349607806717198,0.13173720047954582,51.664429657984805,51.66442965798481,51.66442965798481,9.920878641202478,15.983749517263739,0.0,20.000000000000057,26.639582528772902,0.0,0.0,0.6,1.0,0.6534019763368055,15.983749517263739,24.462352573333334,0.0,0.0,22.222222222222285,0.010000000000000002,0.0,0.0,0.0,0.0,0.0,0.0,1.3510984691880947,20.100971526233256,-9.092912398820886,-7.598383163150909,-10.65,6.529479366362011,0.0,4.0,5667.3167977519,-3694.2730564658414,-272.8330900472594,0.0
2018-01-03 23:00:00,0.4301264480177724,0.27619955239209065,0.9983460590339539,0.43012644801777233,0.27619955239209065,0.9983460590339539,0.0,0.36437718096723204,0.05574926705054037,0.010000000000000002,0.9925326433143425,0.0,0.00581341571961136,1.0,0.0,0.273282885725424,0.0,0.0029166666666666685,0.0,0.0,0.0,0.0,0.0,0.0,0.0,0.06599323370121975,0.04949492527591479,0.0,0.0,0.0,0.010804250335956998,0.0,0.03035894229528502,0.0,0.014586074419298352,0.0,0.2983839472660123,0.22378796044950913,0.131879345587955,0.0,0.08440278685006698,51.666666666666686,46.10666666666668,0.0,51.66640271634486,0.0,0.0,0.131879345587955,0.13187935445322965,51.66640271634486,51.66640271634486,51.66640271634486,9.920878641202478,17.45295867541095,0.0,20.000000000000057,29.08826445901825,0.0,0.0,0.6,1.0,0.7134619870713745,17.45295867541095,24.462352573333334,0.0,0.0,22.222222222222285,0.010000000000000002,0.0,0.0,0.0,0.0,0.0,0.0,1.334804781695129,20.071121306786246,-10.293879588252514,-8.917942827672016,-11.9,6.529479366362011,0.0,4.0,6106.852477316613,-3810.7127547295945,-274.3074296242041,0.0
